ImageName,xminShownImage,xmaxShownImage,yminShownImage,ymaxShownImage
cb1f25ef-87f09c2a-0f656ffe-f63022ab-8b305520,-0.4930767,0.4930767,-0.5922704,0.5922704
53ba5a31-2d6bda0a-abb7ad77-065a0f20-b4fa6b44,-0.5922704,0.5922704,-0.4930767,0.4930767
060cf092-fe76bdf7-19fee515-26cbef2c-5c16ba6f,-0.4822631,0.4822631,-0.5432852,0.5432852
1793e4df-5b1fd824-cb5d0f43-bc3531f4-40cf6c54,-0.5922704,0.5922704,0.8683633,1.854517
a28cb755-423caf3b-13530617-03aaff16-5ca9a2b3,-0.4930767,0.4930767,0.7691695,1.95371
f79f46d3-74a520f1-3039fa3d-eef50e3d-a5ad3e59,-0.4930767,0.4930767,0.7691695,1.95371
9c452d99-a2e14f15-8458865f-92178374-a9e29b76,-0.4930767,0.4930767,0.7691695,1.95371
8afc3991-7ec1912b-b24d9633-3c4b0f57-17c0e8f4,-0.4930767,0.4930767,0.7691695,1.95371
5c61db80-672e0874-ba236081-53d2f8ad-ab8d2efb,-0.4930767,0.4930767,0.7691695,1.95371
