Timestamp,ImageName,NormalizedX,NormalizedY,ColorHex,Label
2026-05-25 18:07:11.488,996bc14f-d8da90e8-52865b30-26b0fd1b-f4d2a9c3,0.554164,0.626569,FFE4C4,Pleural effusion
2026-05-25 18:07:11.503,996bc14f-d8da90e8-52865b30-26b0fd1b-f4d2a9c3,0.553982,0.626110,FFE4C4,Pleural effusion
2026-05-25 18:07:11.517,996bc14f-d8da90e8-52865b30-26b0fd1b-f4d2a9c3,0.553991,0.625865,FFE4C4,Pleural effusion
2026-05-25 18:07:11.531,996bc14f-d8da90e8-52865b30-26b0fd1b-f4d2a9c3,0.554142,0.625764,FFE4C4,Pleural effusion
2026-05-25 18:07:11.544,996bc14f-d8da90e8-52865b30-26b0fd1b-f4d2a9c3,0.554152,0.625754,FFE4C4,Pleural effusion
2026-05-25 18:07:11.558,996bc14f-d8da90e8-52865b30-26b0fd1b-f4d2a9c3,0.554191,0.625468,FFE4C4,Pleural effusion
2026-05-25 18:07:11.573,996bc14f-d8da90e8-52865b30-26b0fd1b-f4d2a9c3,0.553955,0.624889,FFE4C4,Pleural effusion
2026-05-25 18:07:11.586,996bc14f-d8da90e8-52865b30-26b0fd1b-f4d2a9c3,0.553849,0.624259,FFE4C4,Pleural effusion
2026-05-25 18:07:11.602,996bc14f-d8da90e8-52865b30-26b0fd1b-f4d2a9c3,0.551855,0.628659,FFE4C4,Pleural effusion
2026-05-25 18:07:11.616,996bc14f-d8da90e8-52865b30-26b0fd1b-f4d2a9c3,0.549942,0.633082,FFE4C4,Pleural effusion
2026-05-25 18:07:11.631,996bc14f-d8da90e8-52865b30-26b0fd1b-f4d2a9c3,0.550171,0.637655,FFE4C4,Pleural effusion
2026-05-25 18:07:11.644,996bc14f-d8da90e8-52865b30-26b0fd1b-f4d2a9c3,0.548328,0.644735,FFE4C4,Pleural effusion
2026-05-25 18:07:11.657,996bc14f-d8da90e8-52865b30-26b0fd1b-f4d2a9c3,0.548217,0.644592,FFE4C4,Pleural effusion
2026-05-25 18:07:11.671,996bc14f-d8da90e8-52865b30-26b0fd1b-f4d2a9c3,0.548019,0.649352,FFE4C4,Pleural effusion
2026-05-25 18:07:11.686,996bc14f-d8da90e8-52865b30-26b0fd1b-f4d2a9c3,0.546092,0.654093,FFE4C4,Pleural effusion
2026-05-25 18:07:11.700,996bc14f-d8da90e8-52865b30-26b0fd1b-f4d2a9c3,0.544162,0.658790,FFE4C4,Pleural effusion
2026-05-25 18:07:11.713,996bc14f-d8da90e8-52865b30-26b0fd1b-f4d2a9c3,0.542114,0.663483,FFE4C4,Pleural effusion
2026-05-25 18:07:11.726,996bc14f-d8da90e8-52865b30-26b0fd1b-f4d2a9c3,0.542010,0.665670,FFE4C4,Pleural effusion
2026-05-25 18:07:11.740,996bc14f-d8da90e8-52865b30-26b0fd1b-f4d2a9c3,0.541801,0.665378,FFE4C4,Pleural effusion
2026-05-25 18:07:11.753,996bc14f-d8da90e8-52865b30-26b0fd1b-f4d2a9c3,0.541790,0.665408,FFE4C4,Pleural effusion
2026-05-25 18:07:11.768,996bc14f-d8da90e8-52865b30-26b0fd1b-f4d2a9c3,0.541873,0.667908,FFE4C4,Pleural effusion
2026-05-25 18:07:11.783,996bc14f-d8da90e8-52865b30-26b0fd1b-f4d2a9c3,0.542066,0.670301,FFE4C4,Pleural effusion
2026-05-25 18:07:11.797,996bc14f-d8da90e8-52865b30-26b0fd1b-f4d2a9c3,0.540285,0.672758,FFE4C4,Pleural effusion
2026-05-25 18:07:11.810,996bc14f-d8da90e8-52865b30-26b0fd1b-f4d2a9c3,0.540377,0.672677,FFE4C4,Pleural effusion
2026-05-25 18:07:11.824,996bc14f-d8da90e8-52865b30-26b0fd1b-f4d2a9c3,0.540531,0.674913,FFE4C4,Pleural effusion
2026-05-25 18:07:11.837,996bc14f-d8da90e8-52865b30-26b0fd1b-f4d2a9c3,0.540602,0.674775,FFE4C4,Pleural effusion
2026-05-25 18:07:11.852,996bc14f-d8da90e8-52865b30-26b0fd1b-f4d2a9c3,0.540727,0.676982,FFE4C4,Pleural effusion
2026-05-25 18:07:11.867,996bc14f-d8da90e8-52865b30-26b0fd1b-f4d2a9c3,0.540817,0.679243,FFE4C4,Pleural effusion
2026-05-25 18:07:11.881,996bc14f-d8da90e8-52865b30-26b0fd1b-f4d2a9c3,0.541120,0.681637,FFE4C4,Pleural effusion
2026-05-25 18:07:11.895,996bc14f-d8da90e8-52865b30-26b0fd1b-f4d2a9c3,0.541367,0.684038,FFE4C4,Pleural effusion
2026-05-25 18:07:11.908,996bc14f-d8da90e8-52865b30-26b0fd1b-f4d2a9c3,0.541593,0.686518,FFE4C4,Pleural effusion
2026-05-25 18:07:11.921,996bc14f-d8da90e8-52865b30-26b0fd1b-f4d2a9c3,0.541831,0.686522,FFE4C4,Pleural effusion
2026-05-25 18:07:11.934,996bc14f-d8da90e8-52865b30-26b0fd1b-f4d2a9c3,0.541973,0.686455,FFE4C4,Pleural effusion
2026-05-25 18:07:11.949,996bc14f-d8da90e8-52865b30-26b0fd1b-f4d2a9c3,0.542412,0.691180,FFE4C4,Pleural effusion
2026-05-25 18:07:11.962,996bc14f-d8da90e8-52865b30-26b0fd1b-f4d2a9c3,0.542670,0.691164,FFE4C4,Pleural effusion
2026-05-25 18:07:11.977,996bc14f-d8da90e8-52865b30-26b0fd1b-f4d2a9c3,0.542864,0.691221,FFE4C4,Pleural effusion
2026-05-25 18:07:11.991,996bc14f-d8da90e8-52865b30-26b0fd1b-f4d2a9c3,0.543226,0.693739,FFE4C4,Pleural effusion
2026-05-25 18:07:12.005,996bc14f-d8da90e8-52865b30-26b0fd1b-f4d2a9c3,0.543527,0.696167,FFE4C4,Pleural effusion
2026-05-25 18:07:12.019,996bc14f-d8da90e8-52865b30-26b0fd1b-f4d2a9c3,0.543825,0.698560,FFE4C4,Pleural effusion
2026-05-25 18:07:12.034,996bc14f-d8da90e8-52865b30-26b0fd1b-f4d2a9c3,0.547969,0.698287,FFE4C4,Pleural effusion
2026-05-25 18:07:12.046,996bc14f-d8da90e8-52865b30-26b0fd1b-f4d2a9c3,0.548233,0.700677,FFE4C4,Pleural effusion
2026-05-25 18:07:12.061,996bc14f-d8da90e8-52865b30-26b0fd1b-f4d2a9c3,0.550573,0.702985,FFE4C4,Pleural effusion
2026-05-25 18:07:12.075,996bc14f-d8da90e8-52865b30-26b0fd1b-f4d2a9c3,0.554637,0.702882,FFE4C4,Pleural effusion
2026-05-25 18:07:12.090,996bc14f-d8da90e8-52865b30-26b0fd1b-f4d2a9c3,0.558975,0.705084,FFE4C4,Pleural effusion
2026-05-25 18:07:12.103,996bc14f-d8da90e8-52865b30-26b0fd1b-f4d2a9c3,0.559149,0.707533,FFE4C4,Pleural effusion
2026-05-25 18:07:12.116,996bc14f-d8da90e8-52865b30-26b0fd1b-f4d2a9c3,0.561057,0.707512,FFE4C4,Pleural effusion
2026-05-25 18:07:12.131,996bc14f-d8da90e8-52865b30-26b0fd1b-f4d2a9c3,0.561237,0.710017,FFE4C4,Pleural effusion
2026-05-25 18:07:12.143,996bc14f-d8da90e8-52865b30-26b0fd1b-f4d2a9c3,0.561157,0.710170,FFE4C4,Pleural effusion
2026-05-25 18:07:12.158,996bc14f-d8da90e8-52865b30-26b0fd1b-f4d2a9c3,0.563115,0.710080,FFE4C4,Pleural effusion
2026-05-25 18:07:12.173,996bc14f-d8da90e8-52865b30-26b0fd1b-f4d2a9c3,0.565112,0.710066,FFE4C4,Pleural effusion
2026-05-25 18:07:12.187,996bc14f-d8da90e8-52865b30-26b0fd1b-f4d2a9c3,0.567042,0.710001,FFE4C4,Pleural effusion
2026-05-25 18:07:12.202,996bc14f-d8da90e8-52865b30-26b0fd1b-f4d2a9c3,0.568938,0.709987,FFE4C4,Pleural effusion
2026-05-25 18:07:12.215,996bc14f-d8da90e8-52865b30-26b0fd1b-f4d2a9c3,0.570791,0.709901,FFE4C4,Pleural effusion
2026-05-25 18:07:12.227,996bc14f-d8da90e8-52865b30-26b0fd1b-f4d2a9c3,0.570707,0.709925,FFE4C4,Pleural effusion
2026-05-25 18:07:12.242,996bc14f-d8da90e8-52865b30-26b0fd1b-f4d2a9c3,0.574578,0.709638,FFE4C4,Pleural effusion
2026-05-25 18:07:12.256,996bc14f-d8da90e8-52865b30-26b0fd1b-f4d2a9c3,0.576513,0.709476,FFE4C4,Pleural effusion
2026-05-25 18:07:12.271,996bc14f-d8da90e8-52865b30-26b0fd1b-f4d2a9c3,0.580493,0.709283,FFE4C4,Pleural effusion
2026-05-25 18:07:12.285,996bc14f-d8da90e8-52865b30-26b0fd1b-f4d2a9c3,0.582502,0.709169,FFE4C4,Pleural effusion
2026-05-25 18:07:12.298,996bc14f-d8da90e8-52865b30-26b0fd1b-f4d2a9c3,0.584602,0.709107,FFE4C4,Pleural effusion
2026-05-25 18:07:12.313,996bc14f-d8da90e8-52865b30-26b0fd1b-f4d2a9c3,0.586802,0.709007,FFE4C4,Pleural effusion
2026-05-25 18:07:12.327,996bc14f-d8da90e8-52865b30-26b0fd1b-f4d2a9c3,0.590701,0.708841,FFE4C4,Pleural effusion
2026-05-25 18:07:12.339,996bc14f-d8da90e8-52865b30-26b0fd1b-f4d2a9c3,0.590598,0.708915,FFE4C4,Pleural effusion
2026-05-25 18:07:12.353,996bc14f-d8da90e8-52865b30-26b0fd1b-f4d2a9c3,0.594435,0.706229,FFE4C4,Pleural effusion
2026-05-25 18:07:12.367,996bc14f-d8da90e8-52865b30-26b0fd1b-f4d2a9c3,0.596382,0.703679,FFE4C4,Pleural effusion
2026-05-25 18:07:12.381,996bc14f-d8da90e8-52865b30-26b0fd1b-f4d2a9c3,0.600583,0.703508,FFE4C4,Pleural effusion
2026-05-25 18:07:12.396,996bc14f-d8da90e8-52865b30-26b0fd1b-f4d2a9c3,0.602778,0.701079,FFE4C4,Pleural effusion
2026-05-25 18:07:12.410,996bc14f-d8da90e8-52865b30-26b0fd1b-f4d2a9c3,0.604621,0.698395,FFE4C4,Pleural effusion
2026-05-25 18:07:12.423,996bc14f-d8da90e8-52865b30-26b0fd1b-f4d2a9c3,0.606556,0.698156,FFE4C4,Pleural effusion
2026-05-25 18:07:12.435,996bc14f-d8da90e8-52865b30-26b0fd1b-f4d2a9c3,0.606264,0.697985,FFE4C4,Pleural effusion
2026-05-25 18:07:12.450,996bc14f-d8da90e8-52865b30-26b0fd1b-f4d2a9c3,0.612025,0.690194,FFE4C4,Pleural effusion
2026-05-25 18:07:12.465,996bc14f-d8da90e8-52865b30-26b0fd1b-f4d2a9c3,0.613716,0.685123,FFE4C4,Pleural effusion
2026-05-25 18:07:12.479,996bc14f-d8da90e8-52865b30-26b0fd1b-f4d2a9c3,0.615707,0.684905,FFE4C4,Pleural effusion
2026-05-25 18:07:12.493,996bc14f-d8da90e8-52865b30-26b0fd1b-f4d2a9c3,0.619531,0.679883,FFE4C4,Pleural effusion
2026-05-25 18:07:12.507,996bc14f-d8da90e8-52865b30-26b0fd1b-f4d2a9c3,0.619355,0.675434,FFE4C4,Pleural effusion
2026-05-25 18:07:12.521,996bc14f-d8da90e8-52865b30-26b0fd1b-f4d2a9c3,0.623091,0.670619,FFE4C4,Pleural effusion
2026-05-25 18:07:12.533,996bc14f-d8da90e8-52865b30-26b0fd1b-f4d2a9c3,0.622918,0.670802,FFE4C4,Pleural effusion
2026-05-25 18:07:12.548,996bc14f-d8da90e8-52865b30-26b0fd1b-f4d2a9c3,0.624605,0.663541,FFE4C4,Pleural effusion
2026-05-25 18:07:12.562,996bc14f-d8da90e8-52865b30-26b0fd1b-f4d2a9c3,0.624486,0.660981,FFE4C4,Pleural effusion
2026-05-25 18:07:12.576,996bc14f-d8da90e8-52865b30-26b0fd1b-f4d2a9c3,0.626240,0.655944,FFE4C4,Pleural effusion
2026-05-25 18:07:12.590,996bc14f-d8da90e8-52865b30-26b0fd1b-f4d2a9c3,0.625720,0.646242,FFE4C4,Pleural effusion
2026-05-25 18:07:12.605,996bc14f-d8da90e8-52865b30-26b0fd1b-f4d2a9c3,0.625571,0.643739,FFE4C4,Pleural effusion
2026-05-25 18:07:12.619,996bc14f-d8da90e8-52865b30-26b0fd1b-f4d2a9c3,0.625179,0.639177,FFE4C4,Pleural effusion
2026-05-25 18:07:12.632,996bc14f-d8da90e8-52865b30-26b0fd1b-f4d2a9c3,0.624970,0.634512,FFE4C4,Pleural effusion
2026-05-25 18:07:12.646,996bc14f-d8da90e8-52865b30-26b0fd1b-f4d2a9c3,0.624769,0.629782,FFE4C4,Pleural effusion
2026-05-25 18:07:12.660,996bc14f-d8da90e8-52865b30-26b0fd1b-f4d2a9c3,0.624718,0.627503,FFE4C4,Pleural effusion
2026-05-25 18:07:12.674,996bc14f-d8da90e8-52865b30-26b0fd1b-f4d2a9c3,0.624531,0.622859,FFE4C4,Pleural effusion
2026-05-25 18:07:12.688,996bc14f-d8da90e8-52865b30-26b0fd1b-f4d2a9c3,0.624484,0.618173,FFE4C4,Pleural effusion
2026-05-25 18:07:12.702,996bc14f-d8da90e8-52865b30-26b0fd1b-f4d2a9c3,0.624344,0.613366,FFE4C4,Pleural effusion
2026-05-25 18:07:12.717,996bc14f-d8da90e8-52865b30-26b0fd1b-f4d2a9c3,0.620390,0.611079,FFE4C4,Pleural effusion
2026-05-25 18:07:12.729,996bc14f-d8da90e8-52865b30-26b0fd1b-f4d2a9c3,0.620440,0.608561,FFE4C4,Pleural effusion
2026-05-25 18:07:12.743,996bc14f-d8da90e8-52865b30-26b0fd1b-f4d2a9c3,0.618254,0.603825,FFE4C4,Pleural effusion
2026-05-25 18:07:12.758,996bc14f-d8da90e8-52865b30-26b0fd1b-f4d2a9c3,0.618340,0.601447,FFE4C4,Pleural effusion
2026-05-25 18:07:12.770,996bc14f-d8da90e8-52865b30-26b0fd1b-f4d2a9c3,0.616220,0.597044,FFE4C4,Pleural effusion
2026-05-25 18:07:12.784,996bc14f-d8da90e8-52865b30-26b0fd1b-f4d2a9c3,0.614311,0.597431,FFE4C4,Pleural effusion
2026-05-25 18:07:12.799,996bc14f-d8da90e8-52865b30-26b0fd1b-f4d2a9c3,0.614254,0.592888,FFE4C4,Pleural effusion
2026-05-25 18:07:12.814,996bc14f-d8da90e8-52865b30-26b0fd1b-f4d2a9c3,0.610291,0.590904,FFE4C4,Pleural effusion
2026-05-25 18:07:12.827,996bc14f-d8da90e8-52865b30-26b0fd1b-f4d2a9c3,0.608261,0.586203,FFE4C4,Pleural effusion
2026-05-25 18:07:12.841,996bc14f-d8da90e8-52865b30-26b0fd1b-f4d2a9c3,0.604448,0.584032,FFE4C4,Pleural effusion
2026-05-25 18:07:12.855,996bc14f-d8da90e8-52865b30-26b0fd1b-f4d2a9c3,0.602466,0.579250,FFE4C4,Pleural effusion
2026-05-25 18:07:12.869,996bc14f-d8da90e8-52865b30-26b0fd1b-f4d2a9c3,0.598805,0.579274,FFE4C4,Pleural effusion
2026-05-25 18:07:12.883,996bc14f-d8da90e8-52865b30-26b0fd1b-f4d2a9c3,0.598869,0.576853,FFE4C4,Pleural effusion
2026-05-25 18:07:12.896,996bc14f-d8da90e8-52865b30-26b0fd1b-f4d2a9c3,0.593038,0.577260,FFE4C4,Pleural effusion
2026-05-25 18:07:12.909,996bc14f-d8da90e8-52865b30-26b0fd1b-f4d2a9c3,0.593206,0.577229,FFE4C4,Pleural effusion
2026-05-25 18:07:12.924,996bc14f-d8da90e8-52865b30-26b0fd1b-f4d2a9c3,0.591243,0.577389,FFE4C4,Pleural effusion
2026-05-25 18:07:12.937,996bc14f-d8da90e8-52865b30-26b0fd1b-f4d2a9c3,0.591316,0.577342,FFE4C4,Pleural effusion
2026-05-25 18:07:12.952,996bc14f-d8da90e8-52865b30-26b0fd1b-f4d2a9c3,0.587196,0.577400,FFE4C4,Pleural effusion
2026-05-25 18:07:12.966,996bc14f-d8da90e8-52865b30-26b0fd1b-f4d2a9c3,0.585200,0.577371,FFE4C4,Pleural effusion
2026-05-25 18:07:12.980,996bc14f-d8da90e8-52865b30-26b0fd1b-f4d2a9c3,0.581216,0.577493,FFE4C4,Pleural effusion
2026-05-25 18:07:12.994,996bc14f-d8da90e8-52865b30-26b0fd1b-f4d2a9c3,0.577151,0.577719,FFE4C4,Pleural effusion
2026-05-25 18:07:13.008,996bc14f-d8da90e8-52865b30-26b0fd1b-f4d2a9c3,0.571061,0.578158,FFE4C4,Pleural effusion
2026-05-25 18:07:13.020,996bc14f-d8da90e8-52865b30-26b0fd1b-f4d2a9c3,0.571070,0.578139,FFE4C4,Pleural effusion
2026-05-25 18:07:13.035,996bc14f-d8da90e8-52865b30-26b0fd1b-f4d2a9c3,0.563304,0.583493,FFE4C4,Pleural effusion
2026-05-25 18:07:13.050,996bc14f-d8da90e8-52865b30-26b0fd1b-f4d2a9c3,0.559544,0.588640,FFE4C4,Pleural effusion
2026-05-25 18:07:13.064,996bc14f-d8da90e8-52865b30-26b0fd1b-f4d2a9c3,0.557648,0.591239,FFE4C4,Pleural effusion
2026-05-25 18:07:13.077,996bc14f-d8da90e8-52865b30-26b0fd1b-f4d2a9c3,0.555726,0.593798,FFE4C4,Pleural effusion
2026-05-25 18:07:13.092,996bc14f-d8da90e8-52865b30-26b0fd1b-f4d2a9c3,0.551725,0.594097,FFE4C4,Pleural effusion
2026-05-25 18:07:13.106,996bc14f-d8da90e8-52865b30-26b0fd1b-f4d2a9c3,0.547853,0.594374,FFE4C4,Pleural effusion
2026-05-25 18:07:13.118,996bc14f-d8da90e8-52865b30-26b0fd1b-f4d2a9c3,0.547703,0.594332,FFE4C4,Pleural effusion
2026-05-25 18:07:13.133,996bc14f-d8da90e8-52865b30-26b0fd1b-f4d2a9c3,0.543932,0.599133,FFE4C4,Pleural effusion
2026-05-25 18:07:13.147,996bc14f-d8da90e8-52865b30-26b0fd1b-f4d2a9c3,0.544107,0.601266,FFE4C4,Pleural effusion
2026-05-25 18:07:13.161,996bc14f-d8da90e8-52865b30-26b0fd1b-f4d2a9c3,0.544261,0.603461,FFE4C4,Pleural effusion
2026-05-25 18:07:13.175,996bc14f-d8da90e8-52865b30-26b0fd1b-f4d2a9c3,0.542143,0.605906,FFE4C4,Pleural effusion
2026-05-25 18:07:13.189,996bc14f-d8da90e8-52865b30-26b0fd1b-f4d2a9c3,0.542172,0.610603,FFE4C4,Pleural effusion
2026-05-25 18:07:13.202,996bc14f-d8da90e8-52865b30-26b0fd1b-f4d2a9c3,0.542064,0.610536,FFE4C4,Pleural effusion
2026-05-25 18:07:13.216,996bc14f-d8da90e8-52865b30-26b0fd1b-f4d2a9c3,0.540292,0.613119,FFE4C4,Pleural effusion
2026-05-25 18:07:13.231,996bc14f-d8da90e8-52865b30-26b0fd1b-f4d2a9c3,0.540492,0.618109,FFE4C4,Pleural effusion
2026-05-25 18:07:13.243,996bc14f-d8da90e8-52865b30-26b0fd1b-f4d2a9c3,0.540773,0.618393,FFE4C4,Pleural effusion
2026-05-25 18:07:13.258,996bc14f-d8da90e8-52865b30-26b0fd1b-f4d2a9c3,0.540969,0.620720,FFE4C4,Pleural effusion
2026-05-25 18:07:13.273,996bc14f-d8da90e8-52865b30-26b0fd1b-f4d2a9c3,0.541062,0.622721,FFE4C4,Pleural effusion
2026-05-25 18:07:13.286,996bc14f-d8da90e8-52865b30-26b0fd1b-f4d2a9c3,0.541044,0.622441,FFE4C4,Pleural effusion
2026-05-25 18:07:13.299,996bc14f-d8da90e8-52865b30-26b0fd1b-f4d2a9c3,0.541217,0.622093,FFE4C4,Pleural effusion
2026-05-25 18:07:13.314,996bc14f-d8da90e8-52865b30-26b0fd1b-f4d2a9c3,0.541554,0.624311,FFE4C4,Pleural effusion
2026-05-25 18:07:13.327,996bc14f-d8da90e8-52865b30-26b0fd1b-f4d2a9c3,0.541812,0.624432,FFE4C4,Pleural effusion
2026-05-25 18:07:13.340,996bc14f-d8da90e8-52865b30-26b0fd1b-f4d2a9c3,0.542037,0.624656,FFE4C4,Pleural effusion
2026-05-25 18:07:13.354,996bc14f-d8da90e8-52865b30-26b0fd1b-f4d2a9c3,0.542278,0.625111,FFE4C4,Pleural effusion
2026-05-25 18:07:13.368,996bc14f-d8da90e8-52865b30-26b0fd1b-f4d2a9c3,0.542280,0.625554,FFE4C4,Pleural effusion
2026-05-25 18:07:13.382,996bc14f-d8da90e8-52865b30-26b0fd1b-f4d2a9c3,0.542287,0.625811,FFE4C4,Pleural effusion
2026-05-25 18:07:13.396,996bc14f-d8da90e8-52865b30-26b0fd1b-f4d2a9c3,0.542059,0.626024,FFE4C4,Pleural effusion
2026-05-25 18:07:13.409,996bc14f-d8da90e8-52865b30-26b0fd1b-f4d2a9c3,0.541921,0.626090,FFE4C4,Pleural effusion
2026-05-25 18:07:13.424,996bc14f-d8da90e8-52865b30-26b0fd1b-f4d2a9c3,0.541555,0.626214,FFE4C4,Pleural effusion
2026-05-25 18:07:14.455,996bc14f-d8da90e8-52865b30-26b0fd1b-f4d2a9c3,0.713427,0.753377,FFE4C4,Pleural effusion
2026-05-25 18:07:14.468,996bc14f-d8da90e8-52865b30-26b0fd1b-f4d2a9c3,0.713553,0.753383,FFE4C4,Pleural effusion
2026-05-25 18:07:14.482,996bc14f-d8da90e8-52865b30-26b0fd1b-f4d2a9c3,0.713975,0.753389,FFE4C4,Pleural effusion
2026-05-25 18:07:14.496,996bc14f-d8da90e8-52865b30-26b0fd1b-f4d2a9c3,0.714119,0.753386,FFE4C4,Pleural effusion
2026-05-25 18:07:14.510,996bc14f-d8da90e8-52865b30-26b0fd1b-f4d2a9c3,0.714406,0.753343,FFE4C4,Pleural effusion
2026-05-25 18:07:14.524,996bc14f-d8da90e8-52865b30-26b0fd1b-f4d2a9c3,0.714681,0.753376,FFE4C4,Pleural effusion
2026-05-25 18:07:14.538,996bc14f-d8da90e8-52865b30-26b0fd1b-f4d2a9c3,0.714985,0.753378,FFE4C4,Pleural effusion
2026-05-25 18:07:14.551,996bc14f-d8da90e8-52865b30-26b0fd1b-f4d2a9c3,0.715193,0.753400,FFE4C4,Pleural effusion
2026-05-25 18:07:14.567,996bc14f-d8da90e8-52865b30-26b0fd1b-f4d2a9c3,0.715207,0.751212,FFE4C4,Pleural effusion
2026-05-25 18:07:14.581,996bc14f-d8da90e8-52865b30-26b0fd1b-f4d2a9c3,0.715224,0.748910,FFE4C4,Pleural effusion
2026-05-25 18:07:14.595,996bc14f-d8da90e8-52865b30-26b0fd1b-f4d2a9c3,0.714986,0.744331,FFE4C4,Pleural effusion
2026-05-25 18:07:14.609,996bc14f-d8da90e8-52865b30-26b0fd1b-f4d2a9c3,0.714969,0.741933,FFE4C4,Pleural effusion
2026-05-25 18:07:14.623,996bc14f-d8da90e8-52865b30-26b0fd1b-f4d2a9c3,0.712815,0.737326,FFE4C4,Pleural effusion
2026-05-25 18:07:14.636,996bc14f-d8da90e8-52865b30-26b0fd1b-f4d2a9c3,0.712940,0.737222,FFE4C4,Pleural effusion
2026-05-25 18:07:14.651,996bc14f-d8da90e8-52865b30-26b0fd1b-f4d2a9c3,0.712816,0.732411,FFE4C4,Pleural effusion
2026-05-25 18:07:14.664,996bc14f-d8da90e8-52865b30-26b0fd1b-f4d2a9c3,0.712971,0.732358,FFE4C4,Pleural effusion
2026-05-25 18:07:14.677,996bc14f-d8da90e8-52865b30-26b0fd1b-f4d2a9c3,0.712991,0.729945,FFE4C4,Pleural effusion
2026-05-25 18:07:14.692,996bc14f-d8da90e8-52865b30-26b0fd1b-f4d2a9c3,0.713041,0.727471,FFE4C4,Pleural effusion
2026-05-25 18:07:14.707,996bc14f-d8da90e8-52865b30-26b0fd1b-f4d2a9c3,0.713028,0.725037,FFE4C4,Pleural effusion
2026-05-25 18:07:14.719,996bc14f-d8da90e8-52865b30-26b0fd1b-f4d2a9c3,0.712864,0.717844,FFE4C4,Pleural effusion
2026-05-25 18:07:14.733,996bc14f-d8da90e8-52865b30-26b0fd1b-f4d2a9c3,0.713009,0.717737,FFE4C4,Pleural effusion
2026-05-25 18:07:14.746,996bc14f-d8da90e8-52865b30-26b0fd1b-f4d2a9c3,0.713238,0.717584,FFE4C4,Pleural effusion
2026-05-25 18:07:14.761,996bc14f-d8da90e8-52865b30-26b0fd1b-f4d2a9c3,0.713380,0.715098,FFE4C4,Pleural effusion
2026-05-25 18:07:14.776,996bc14f-d8da90e8-52865b30-26b0fd1b-f4d2a9c3,0.713565,0.712637,FFE4C4,Pleural effusion
2026-05-25 18:07:14.791,996bc14f-d8da90e8-52865b30-26b0fd1b-f4d2a9c3,0.713952,0.710056,FFE4C4,Pleural effusion
2026-05-25 18:07:14.804,996bc14f-d8da90e8-52865b30-26b0fd1b-f4d2a9c3,0.714158,0.707655,FFE4C4,Pleural effusion
2026-05-25 18:07:14.818,996bc14f-d8da90e8-52865b30-26b0fd1b-f4d2a9c3,0.713897,0.705337,FFE4C4,Pleural effusion
2026-05-25 18:07:14.833,996bc14f-d8da90e8-52865b30-26b0fd1b-f4d2a9c3,0.715963,0.702687,FFE4C4,Pleural effusion
2026-05-25 18:07:14.847,996bc14f-d8da90e8-52865b30-26b0fd1b-f4d2a9c3,0.717967,0.697621,FFE4C4,Pleural effusion
2026-05-25 18:07:14.860,996bc14f-d8da90e8-52865b30-26b0fd1b-f4d2a9c3,0.720073,0.695032,FFE4C4,Pleural effusion
2026-05-25 18:07:14.874,996bc14f-d8da90e8-52865b30-26b0fd1b-f4d2a9c3,0.720341,0.692543,FFE4C4,Pleural effusion
2026-05-25 18:07:14.888,996bc14f-d8da90e8-52865b30-26b0fd1b-f4d2a9c3,0.724273,0.687227,FFE4C4,Pleural effusion
2026-05-25 18:07:14.902,996bc14f-d8da90e8-52865b30-26b0fd1b-f4d2a9c3,0.726272,0.684437,FFE4C4,Pleural effusion
2026-05-25 18:07:14.916,996bc14f-d8da90e8-52865b30-26b0fd1b-f4d2a9c3,0.730347,0.683858,FFE4C4,Pleural effusion
2026-05-25 18:07:14.930,996bc14f-d8da90e8-52865b30-26b0fd1b-f4d2a9c3,0.734540,0.680951,FFE4C4,Pleural effusion
2026-05-25 18:07:14.942,996bc14f-d8da90e8-52865b30-26b0fd1b-f4d2a9c3,0.734510,0.680756,FFE4C4,Pleural effusion
2026-05-25 18:07:14.957,996bc14f-d8da90e8-52865b30-26b0fd1b-f4d2a9c3,0.736622,0.680572,FFE4C4,Pleural effusion
2026-05-25 18:07:14.972,996bc14f-d8da90e8-52865b30-26b0fd1b-f4d2a9c3,0.738518,0.678018,FFE4C4,Pleural effusion
2026-05-25 18:07:14.986,996bc14f-d8da90e8-52865b30-26b0fd1b-f4d2a9c3,0.740575,0.677797,FFE4C4,Pleural effusion
2026-05-25 18:07:14.999,996bc14f-d8da90e8-52865b30-26b0fd1b-f4d2a9c3,0.742507,0.677685,FFE4C4,Pleural effusion
2026-05-25 18:07:15.013,996bc14f-d8da90e8-52865b30-26b0fd1b-f4d2a9c3,0.744389,0.677514,FFE4C4,Pleural effusion
2026-05-25 18:07:15.027,996bc14f-d8da90e8-52865b30-26b0fd1b-f4d2a9c3,0.746305,0.677343,FFE4C4,Pleural effusion
2026-05-25 18:07:15.042,996bc14f-d8da90e8-52865b30-26b0fd1b-f4d2a9c3,0.750179,0.677026,FFE4C4,Pleural effusion
2026-05-25 18:07:15.053,996bc14f-d8da90e8-52865b30-26b0fd1b-f4d2a9c3,0.750138,0.677008,FFE4C4,Pleural effusion
2026-05-25 18:07:15.068,996bc14f-d8da90e8-52865b30-26b0fd1b-f4d2a9c3,0.752115,0.676898,FFE4C4,Pleural effusion
2026-05-25 18:07:15.081,996bc14f-d8da90e8-52865b30-26b0fd1b-f4d2a9c3,0.752066,0.676966,FFE4C4,Pleural effusion
2026-05-25 18:07:15.096,996bc14f-d8da90e8-52865b30-26b0fd1b-f4d2a9c3,0.753806,0.677092,FFE4C4,Pleural effusion
2026-05-25 18:07:15.109,996bc14f-d8da90e8-52865b30-26b0fd1b-f4d2a9c3,0.753767,0.677318,FFE4C4,Pleural effusion
2026-05-25 18:07:15.122,996bc14f-d8da90e8-52865b30-26b0fd1b-f4d2a9c3,0.753824,0.677384,FFE4C4,Pleural effusion
2026-05-25 18:07:15.138,996bc14f-d8da90e8-52865b30-26b0fd1b-f4d2a9c3,0.755814,0.679698,FFE4C4,Pleural effusion
2026-05-25 18:07:15.152,996bc14f-d8da90e8-52865b30-26b0fd1b-f4d2a9c3,0.757998,0.681876,FFE4C4,Pleural effusion
2026-05-25 18:07:15.168,996bc14f-d8da90e8-52865b30-26b0fd1b-f4d2a9c3,0.758285,0.686593,FFE4C4,Pleural effusion
2026-05-25 18:07:15.180,996bc14f-d8da90e8-52865b30-26b0fd1b-f4d2a9c3,0.760406,0.688804,FFE4C4,Pleural effusion
2026-05-25 18:07:15.194,996bc14f-d8da90e8-52865b30-26b0fd1b-f4d2a9c3,0.760417,0.691170,FFE4C4,Pleural effusion
2026-05-25 18:07:15.207,996bc14f-d8da90e8-52865b30-26b0fd1b-f4d2a9c3,0.760688,0.695748,FFE4C4,Pleural effusion
2026-05-25 18:07:15.222,996bc14f-d8da90e8-52865b30-26b0fd1b-f4d2a9c3,0.761287,0.702540,FFE4C4,Pleural effusion
2026-05-25 18:07:15.236,996bc14f-d8da90e8-52865b30-26b0fd1b-f4d2a9c3,0.761540,0.704615,FFE4C4,Pleural effusion
2026-05-25 18:07:15.250,996bc14f-d8da90e8-52865b30-26b0fd1b-f4d2a9c3,0.761843,0.706614,FFE4C4,Pleural effusion
2026-05-25 18:07:15.263,996bc14f-d8da90e8-52865b30-26b0fd1b-f4d2a9c3,0.762298,0.711145,FFE4C4,Pleural effusion
2026-05-25 18:07:15.278,996bc14f-d8da90e8-52865b30-26b0fd1b-f4d2a9c3,0.762553,0.715779,FFE4C4,Pleural effusion
2026-05-25 18:07:15.291,996bc14f-d8da90e8-52865b30-26b0fd1b-f4d2a9c3,0.762623,0.718132,FFE4C4,Pleural effusion
2026-05-25 18:07:15.306,996bc14f-d8da90e8-52865b30-26b0fd1b-f4d2a9c3,0.762743,0.720447,FFE4C4,Pleural effusion
2026-05-25 18:07:15.319,996bc14f-d8da90e8-52865b30-26b0fd1b-f4d2a9c3,0.761043,0.725278,FFE4C4,Pleural effusion
2026-05-25 18:07:15.334,996bc14f-d8da90e8-52865b30-26b0fd1b-f4d2a9c3,0.759308,0.727690,FFE4C4,Pleural effusion
2026-05-25 18:07:15.346,996bc14f-d8da90e8-52865b30-26b0fd1b-f4d2a9c3,0.759429,0.727683,FFE4C4,Pleural effusion
2026-05-25 18:07:15.361,996bc14f-d8da90e8-52865b30-26b0fd1b-f4d2a9c3,0.758049,0.734874,FFE4C4,Pleural effusion
2026-05-25 18:07:15.375,996bc14f-d8da90e8-52865b30-26b0fd1b-f4d2a9c3,0.756217,0.735026,FFE4C4,Pleural effusion
2026-05-25 18:07:15.389,996bc14f-d8da90e8-52865b30-26b0fd1b-f4d2a9c3,0.756247,0.737479,FFE4C4,Pleural effusion
2026-05-25 18:07:15.403,996bc14f-d8da90e8-52865b30-26b0fd1b-f4d2a9c3,0.754495,0.740032,FFE4C4,Pleural effusion
2026-05-25 18:07:15.417,996bc14f-d8da90e8-52865b30-26b0fd1b-f4d2a9c3,0.752649,0.742585,FFE4C4,Pleural effusion
2026-05-25 18:07:15.431,996bc14f-d8da90e8-52865b30-26b0fd1b-f4d2a9c3,0.751059,0.749931,FFE4C4,Pleural effusion
2026-05-25 18:07:15.445,996bc14f-d8da90e8-52865b30-26b0fd1b-f4d2a9c3,0.747317,0.750208,FFE4C4,Pleural effusion
2026-05-25 18:07:15.459,996bc14f-d8da90e8-52865b30-26b0fd1b-f4d2a9c3,0.745467,0.752771,FFE4C4,Pleural effusion
2026-05-25 18:07:15.473,996bc14f-d8da90e8-52865b30-26b0fd1b-f4d2a9c3,0.743551,0.752970,FFE4C4,Pleural effusion
2026-05-25 18:07:15.486,996bc14f-d8da90e8-52865b30-26b0fd1b-f4d2a9c3,0.741727,0.755474,FFE4C4,Pleural effusion
2026-05-25 18:07:15.499,996bc14f-d8da90e8-52865b30-26b0fd1b-f4d2a9c3,0.741852,0.755476,FFE4C4,Pleural effusion
2026-05-25 18:07:15.513,996bc14f-d8da90e8-52865b30-26b0fd1b-f4d2a9c3,0.739956,0.755631,FFE4C4,Pleural effusion
2026-05-25 18:07:15.527,996bc14f-d8da90e8-52865b30-26b0fd1b-f4d2a9c3,0.739999,0.755693,FFE4C4,Pleural effusion
2026-05-25 18:07:15.541,996bc14f-d8da90e8-52865b30-26b0fd1b-f4d2a9c3,0.738065,0.755860,FFE4C4,Pleural effusion
2026-05-25 18:07:15.556,996bc14f-d8da90e8-52865b30-26b0fd1b-f4d2a9c3,0.736256,0.755976,FFE4C4,Pleural effusion
2026-05-25 18:07:15.570,996bc14f-d8da90e8-52865b30-26b0fd1b-f4d2a9c3,0.732421,0.756179,FFE4C4,Pleural effusion
2026-05-25 18:07:15.583,996bc14f-d8da90e8-52865b30-26b0fd1b-f4d2a9c3,0.732446,0.756117,FFE4C4,Pleural effusion
2026-05-25 18:07:15.596,996bc14f-d8da90e8-52865b30-26b0fd1b-f4d2a9c3,0.732763,0.755968,FFE4C4,Pleural effusion
2026-05-25 18:07:15.610,996bc14f-d8da90e8-52865b30-26b0fd1b-f4d2a9c3,0.733057,0.755905,FFE4C4,Pleural effusion
2026-05-25 18:07:15.623,996bc14f-d8da90e8-52865b30-26b0fd1b-f4d2a9c3,0.732866,0.756036,FFE4C4,Pleural effusion
2026-05-25 18:07:15.637,996bc14f-d8da90e8-52865b30-26b0fd1b-f4d2a9c3,0.732816,0.756072,FFE4C4,Pleural effusion
2026-05-25 18:07:15.652,996bc14f-d8da90e8-52865b30-26b0fd1b-f4d2a9c3,0.732908,0.755999,FFE4C4,Pleural effusion
2026-05-25 18:07:15.665,996bc14f-d8da90e8-52865b30-26b0fd1b-f4d2a9c3,0.732811,0.756113,FFE4C4,Pleural effusion
2026-05-25 18:07:15.682,996bc14f-d8da90e8-52865b30-26b0fd1b-f4d2a9c3,0.730755,0.756274,FFE4C4,Pleural effusion
2026-05-25 18:07:15.694,996bc14f-d8da90e8-52865b30-26b0fd1b-f4d2a9c3,0.730755,0.756243,FFE4C4,Pleural effusion
2026-05-25 18:07:15.707,996bc14f-d8da90e8-52865b30-26b0fd1b-f4d2a9c3,0.730599,0.756221,FFE4C4,Pleural effusion
2026-05-25 18:07:15.721,996bc14f-d8da90e8-52865b30-26b0fd1b-f4d2a9c3,0.730436,0.756164,FFE4C4,Pleural effusion
2026-05-25 18:07:15.734,996bc14f-d8da90e8-52865b30-26b0fd1b-f4d2a9c3,0.730248,0.756104,FFE4C4,Pleural effusion
2026-05-25 18:07:15.748,996bc14f-d8da90e8-52865b30-26b0fd1b-f4d2a9c3,0.730198,0.756036,FFE4C4,Pleural effusion
2026-05-25 18:07:15.763,996bc14f-d8da90e8-52865b30-26b0fd1b-f4d2a9c3,0.730039,0.756044,FFE4C4,Pleural effusion
2026-05-25 18:07:15.776,996bc14f-d8da90e8-52865b30-26b0fd1b-f4d2a9c3,0.730075,0.756065,FFE4C4,Pleural effusion
2026-05-25 18:07:16.808,996bc14f-d8da90e8-52865b30-26b0fd1b-f4d2a9c3,0.837820,0.370702,FFE4C4,Pleural effusion
2026-05-25 18:07:16.822,996bc14f-d8da90e8-52865b30-26b0fd1b-f4d2a9c3,0.838067,0.370135,FFE4C4,Pleural effusion
2026-05-25 18:07:16.833,996bc14f-d8da90e8-52865b30-26b0fd1b-f4d2a9c3,0.838458,0.369245,FFE4C4,Pleural effusion
2026-05-25 18:07:16.848,996bc14f-d8da90e8-52865b30-26b0fd1b-f4d2a9c3,0.838719,0.368596,FFE4C4,Pleural effusion
2026-05-25 18:07:16.862,996bc14f-d8da90e8-52865b30-26b0fd1b-f4d2a9c3,0.839046,0.368040,FFE4C4,Pleural effusion
2026-05-25 18:07:16.876,996bc14f-d8da90e8-52865b30-26b0fd1b-f4d2a9c3,0.839171,0.367481,FFE4C4,Pleural effusion
2026-05-25 18:07:16.890,996bc14f-d8da90e8-52865b30-26b0fd1b-f4d2a9c3,0.839276,0.367107,FFE4C4,Pleural effusion
2026-05-25 18:07:16.906,996bc14f-d8da90e8-52865b30-26b0fd1b-f4d2a9c3,0.839639,0.371596,FFE4C4,Pleural effusion
2026-05-25 18:07:16.921,996bc14f-d8da90e8-52865b30-26b0fd1b-f4d2a9c3,0.838040,0.376302,FFE4C4,Pleural effusion
2026-05-25 18:07:16.934,996bc14f-d8da90e8-52865b30-26b0fd1b-f4d2a9c3,0.836360,0.378626,FFE4C4,Pleural effusion
2026-05-25 18:07:16.948,996bc14f-d8da90e8-52865b30-26b0fd1b-f4d2a9c3,0.834723,0.383470,FFE4C4,Pleural effusion
2026-05-25 18:07:16.962,996bc14f-d8da90e8-52865b30-26b0fd1b-f4d2a9c3,0.831364,0.390592,FFE4C4,Pleural effusion
2026-05-25 18:07:16.977,996bc14f-d8da90e8-52865b30-26b0fd1b-f4d2a9c3,0.829812,0.398054,FFE4C4,Pleural effusion
2026-05-25 18:07:16.989,996bc14f-d8da90e8-52865b30-26b0fd1b-f4d2a9c3,0.828117,0.397855,FFE4C4,Pleural effusion
2026-05-25 18:07:17.005,996bc14f-d8da90e8-52865b30-26b0fd1b-f4d2a9c3,0.826537,0.402925,FFE4C4,Pleural effusion
2026-05-25 18:07:17.017,996bc14f-d8da90e8-52865b30-26b0fd1b-f4d2a9c3,0.824523,0.405287,FFE4C4,Pleural effusion
2026-05-25 18:07:17.032,996bc14f-d8da90e8-52865b30-26b0fd1b-f4d2a9c3,0.822808,0.410590,FFE4C4,Pleural effusion
2026-05-25 18:07:17.044,996bc14f-d8da90e8-52865b30-26b0fd1b-f4d2a9c3,0.821021,0.415459,FFE4C4,Pleural effusion
2026-05-25 18:07:17.058,996bc14f-d8da90e8-52865b30-26b0fd1b-f4d2a9c3,0.821115,0.415400,FFE4C4,Pleural effusion
2026-05-25 18:07:17.071,996bc14f-d8da90e8-52865b30-26b0fd1b-f4d2a9c3,0.821072,0.415221,FFE4C4,Pleural effusion
2026-05-25 18:07:17.085,996bc14f-d8da90e8-52865b30-26b0fd1b-f4d2a9c3,0.821191,0.414939,FFE4C4,Pleural effusion
2026-05-25 18:07:17.098,996bc14f-d8da90e8-52865b30-26b0fd1b-f4d2a9c3,0.821278,0.414596,FFE4C4,Pleural effusion
2026-05-25 18:07:17.113,996bc14f-d8da90e8-52865b30-26b0fd1b-f4d2a9c3,0.821491,0.414201,FFE4C4,Pleural effusion
2026-05-25 18:07:17.127,996bc14f-d8da90e8-52865b30-26b0fd1b-f4d2a9c3,0.821560,0.413768,FFE4C4,Pleural effusion
2026-05-25 18:07:17.141,996bc14f-d8da90e8-52865b30-26b0fd1b-f4d2a9c3,0.821757,0.413473,FFE4C4,Pleural effusion
2026-05-25 18:07:17.154,996bc14f-d8da90e8-52865b30-26b0fd1b-f4d2a9c3,0.822098,0.412998,FFE4C4,Pleural effusion
2026-05-25 18:07:17.168,996bc14f-d8da90e8-52865b30-26b0fd1b-f4d2a9c3,0.822239,0.412402,FFE4C4,Pleural effusion
2026-05-25 18:07:17.182,996bc14f-d8da90e8-52865b30-26b0fd1b-f4d2a9c3,0.822470,0.411758,FFE4C4,Pleural effusion
2026-05-25 18:07:17.196,996bc14f-d8da90e8-52865b30-26b0fd1b-f4d2a9c3,0.822850,0.411036,FFE4C4,Pleural effusion
2026-05-25 18:07:17.211,996bc14f-d8da90e8-52865b30-26b0fd1b-f4d2a9c3,0.823001,0.410606,FFE4C4,Pleural effusion
2026-05-25 18:07:17.225,996bc14f-d8da90e8-52865b30-26b0fd1b-f4d2a9c3,0.823221,0.410097,FFE4C4,Pleural effusion
2026-05-25 18:07:17.239,996bc14f-d8da90e8-52865b30-26b0fd1b-f4d2a9c3,0.823383,0.409875,FFE4C4,Pleural effusion
2026-05-25 18:07:17.252,996bc14f-d8da90e8-52865b30-26b0fd1b-f4d2a9c3,0.823628,0.409440,FFE4C4,Pleural effusion
2026-05-25 18:07:17.267,996bc14f-d8da90e8-52865b30-26b0fd1b-f4d2a9c3,0.823857,0.408973,FFE4C4,Pleural effusion
2026-05-25 18:07:17.282,996bc14f-d8da90e8-52865b30-26b0fd1b-f4d2a9c3,0.824366,0.411074,FFE4C4,Pleural effusion
2026-05-25 18:07:17.297,996bc14f-d8da90e8-52865b30-26b0fd1b-f4d2a9c3,0.820769,0.413365,FFE4C4,Pleural effusion
2026-05-25 18:07:17.310,996bc14f-d8da90e8-52865b30-26b0fd1b-f4d2a9c3,0.818862,0.416368,FFE4C4,Pleural effusion
2026-05-25 18:07:17.323,996bc14f-d8da90e8-52865b30-26b0fd1b-f4d2a9c3,0.819124,0.416318,FFE4C4,Pleural effusion
2026-05-25 18:07:17.336,996bc14f-d8da90e8-52865b30-26b0fd1b-f4d2a9c3,0.819251,0.416174,FFE4C4,Pleural effusion
2026-05-25 18:07:17.350,996bc14f-d8da90e8-52865b30-26b0fd1b-f4d2a9c3,0.819299,0.416011,FFE4C4,Pleural effusion
2026-05-25 18:07:17.364,996bc14f-d8da90e8-52865b30-26b0fd1b-f4d2a9c3,0.819304,0.416028,FFE4C4,Pleural effusion
2026-05-25 18:07:17.379,996bc14f-d8da90e8-52865b30-26b0fd1b-f4d2a9c3,0.817199,0.415893,FFE4C4,Pleural effusion
2026-05-25 18:07:17.393,996bc14f-d8da90e8-52865b30-26b0fd1b-f4d2a9c3,0.815243,0.415819,FFE4C4,Pleural effusion
2026-05-25 18:07:17.407,996bc14f-d8da90e8-52865b30-26b0fd1b-f4d2a9c3,0.815167,0.412980,FFE4C4,Pleural effusion
2026-05-25 18:07:17.421,996bc14f-d8da90e8-52865b30-26b0fd1b-f4d2a9c3,0.815060,0.410116,FFE4C4,Pleural effusion
2026-05-25 18:07:17.435,996bc14f-d8da90e8-52865b30-26b0fd1b-f4d2a9c3,0.815080,0.407016,FFE4C4,Pleural effusion
2026-05-25 18:07:17.449,996bc14f-d8da90e8-52865b30-26b0fd1b-f4d2a9c3,0.814997,0.404269,FFE4C4,Pleural effusion
2026-05-25 18:07:17.463,996bc14f-d8da90e8-52865b30-26b0fd1b-f4d2a9c3,0.815035,0.398706,FFE4C4,Pleural effusion
2026-05-25 18:07:17.475,996bc14f-d8da90e8-52865b30-26b0fd1b-f4d2a9c3,0.815283,0.398517,FFE4C4,Pleural effusion
2026-05-25 18:07:17.488,996bc14f-d8da90e8-52865b30-26b0fd1b-f4d2a9c3,0.815618,0.398204,FFE4C4,Pleural effusion
2026-05-25 18:07:17.504,996bc14f-d8da90e8-52865b30-26b0fd1b-f4d2a9c3,0.815500,0.395601,FFE4C4,Pleural effusion
2026-05-25 18:07:17.519,996bc14f-d8da90e8-52865b30-26b0fd1b-f4d2a9c3,0.815373,0.390193,FFE4C4,Pleural effusion
2026-05-25 18:07:17.532,996bc14f-d8da90e8-52865b30-26b0fd1b-f4d2a9c3,0.815508,0.389713,FFE4C4,Pleural effusion
2026-05-25 18:07:17.547,996bc14f-d8da90e8-52865b30-26b0fd1b-f4d2a9c3,0.815367,0.384150,FFE4C4,Pleural effusion
2026-05-25 18:07:17.559,996bc14f-d8da90e8-52865b30-26b0fd1b-f4d2a9c3,0.815572,0.383688,FFE4C4,Pleural effusion
2026-05-25 18:07:17.573,996bc14f-d8da90e8-52865b30-26b0fd1b-f4d2a9c3,0.815404,0.378320,FFE4C4,Pleural effusion
2026-05-25 18:07:17.588,996bc14f-d8da90e8-52865b30-26b0fd1b-f4d2a9c3,0.815518,0.375642,FFE4C4,Pleural effusion
2026-05-25 18:07:17.603,996bc14f-d8da90e8-52865b30-26b0fd1b-f4d2a9c3,0.815291,0.373475,FFE4C4,Pleural effusion
2026-05-25 18:07:17.616,996bc14f-d8da90e8-52865b30-26b0fd1b-f4d2a9c3,0.817213,0.370777,FFE4C4,Pleural effusion
2026-05-25 18:07:17.631,996bc14f-d8da90e8-52865b30-26b0fd1b-f4d2a9c3,0.817138,0.368528,FFE4C4,Pleural effusion
2026-05-25 18:07:17.644,996bc14f-d8da90e8-52865b30-26b0fd1b-f4d2a9c3,0.816940,0.363518,FFE4C4,Pleural effusion
2026-05-25 18:07:17.658,996bc14f-d8da90e8-52865b30-26b0fd1b-f4d2a9c3,0.817098,0.360849,FFE4C4,Pleural effusion
2026-05-25 18:07:17.674,996bc14f-d8da90e8-52865b30-26b0fd1b-f4d2a9c3,0.817324,0.357744,FFE4C4,Pleural effusion
2026-05-25 18:07:17.686,996bc14f-d8da90e8-52865b30-26b0fd1b-f4d2a9c3,0.817291,0.355083,FFE4C4,Pleural effusion
2026-05-25 18:07:17.699,996bc14f-d8da90e8-52865b30-26b0fd1b-f4d2a9c3,0.819341,0.352085,FFE4C4,Pleural effusion
2026-05-25 18:07:17.713,996bc14f-d8da90e8-52865b30-26b0fd1b-f4d2a9c3,0.819290,0.349435,FFE4C4,Pleural effusion
2026-05-25 18:07:17.728,996bc14f-d8da90e8-52865b30-26b0fd1b-f4d2a9c3,0.819185,0.346805,FFE4C4,Pleural effusion
2026-05-25 18:07:17.741,996bc14f-d8da90e8-52865b30-26b0fd1b-f4d2a9c3,0.821063,0.344079,FFE4C4,Pleural effusion
2026-05-25 18:07:17.754,996bc14f-d8da90e8-52865b30-26b0fd1b-f4d2a9c3,0.821084,0.344086,FFE4C4,Pleural effusion
2026-05-25 18:07:17.768,996bc14f-d8da90e8-52865b30-26b0fd1b-f4d2a9c3,0.820991,0.341239,FFE4C4,Pleural effusion
2026-05-25 18:07:17.783,996bc14f-d8da90e8-52865b30-26b0fd1b-f4d2a9c3,0.820942,0.338559,FFE4C4,Pleural effusion
2026-05-25 18:07:17.798,996bc14f-d8da90e8-52865b30-26b0fd1b-f4d2a9c3,0.820923,0.335851,FFE4C4,Pleural effusion
2026-05-25 18:07:17.811,996bc14f-d8da90e8-52865b30-26b0fd1b-f4d2a9c3,0.822990,0.330259,FFE4C4,Pleural effusion
2026-05-25 18:07:17.825,996bc14f-d8da90e8-52865b30-26b0fd1b-f4d2a9c3,0.825181,0.327205,FFE4C4,Pleural effusion
2026-05-25 18:07:17.839,996bc14f-d8da90e8-52865b30-26b0fd1b-f4d2a9c3,0.827416,0.324071,FFE4C4,Pleural effusion
2026-05-25 18:07:17.854,996bc14f-d8da90e8-52865b30-26b0fd1b-f4d2a9c3,0.827406,0.318852,FFE4C4,Pleural effusion
2026-05-25 18:07:17.868,996bc14f-d8da90e8-52865b30-26b0fd1b-f4d2a9c3,0.827363,0.316304,FFE4C4,Pleural effusion
2026-05-25 18:07:17.880,996bc14f-d8da90e8-52865b30-26b0fd1b-f4d2a9c3,0.829349,0.313949,FFE4C4,Pleural effusion
2026-05-25 18:07:17.895,996bc14f-d8da90e8-52865b30-26b0fd1b-f4d2a9c3,0.831399,0.311543,FFE4C4,Pleural effusion
2026-05-25 18:07:17.908,996bc14f-d8da90e8-52865b30-26b0fd1b-f4d2a9c3,0.831421,0.308997,FFE4C4,Pleural effusion
2026-05-25 18:07:17.922,996bc14f-d8da90e8-52865b30-26b0fd1b-f4d2a9c3,0.833488,0.303820,FFE4C4,Pleural effusion
2026-05-25 18:07:17.936,996bc14f-d8da90e8-52865b30-26b0fd1b-f4d2a9c3,0.835747,0.300932,FFE4C4,Pleural effusion
2026-05-25 18:07:17.952,996bc14f-d8da90e8-52865b30-26b0fd1b-f4d2a9c3,0.837864,0.295243,FFE4C4,Pleural effusion
2026-05-25 18:07:17.963,996bc14f-d8da90e8-52865b30-26b0fd1b-f4d2a9c3,0.838149,0.294931,FFE4C4,Pleural effusion
2026-05-25 18:07:17.977,996bc14f-d8da90e8-52865b30-26b0fd1b-f4d2a9c3,0.840342,0.294460,FFE4C4,Pleural effusion
2026-05-25 18:07:17.991,996bc14f-d8da90e8-52865b30-26b0fd1b-f4d2a9c3,0.842432,0.291656,FFE4C4,Pleural effusion
2026-05-25 18:07:18.006,996bc14f-d8da90e8-52865b30-26b0fd1b-f4d2a9c3,0.842011,0.289363,FFE4C4,Pleural effusion
2026-05-25 18:07:18.018,996bc14f-d8da90e8-52865b30-26b0fd1b-f4d2a9c3,0.842059,0.289153,FFE4C4,Pleural effusion
2026-05-25 18:07:18.031,996bc14f-d8da90e8-52865b30-26b0fd1b-f4d2a9c3,0.842010,0.289039,FFE4C4,Pleural effusion
2026-05-25 18:07:18.046,996bc14f-d8da90e8-52865b30-26b0fd1b-f4d2a9c3,0.843964,0.288465,FFE4C4,Pleural effusion
2026-05-25 18:07:18.060,996bc14f-d8da90e8-52865b30-26b0fd1b-f4d2a9c3,0.843972,0.288221,FFE4C4,Pleural effusion
2026-05-25 18:07:18.074,996bc14f-d8da90e8-52865b30-26b0fd1b-f4d2a9c3,0.843839,0.287840,FFE4C4,Pleural effusion
2026-05-25 18:07:18.089,996bc14f-d8da90e8-52865b30-26b0fd1b-f4d2a9c3,0.845954,0.289899,FFE4C4,Pleural effusion
2026-05-25 18:07:18.104,996bc14f-d8da90e8-52865b30-26b0fd1b-f4d2a9c3,0.846161,0.297278,FFE4C4,Pleural effusion
2026-05-25 18:07:18.118,996bc14f-d8da90e8-52865b30-26b0fd1b-f4d2a9c3,0.846209,0.299705,FFE4C4,Pleural effusion
2026-05-25 18:07:18.131,996bc14f-d8da90e8-52865b30-26b0fd1b-f4d2a9c3,0.846579,0.304480,FFE4C4,Pleural effusion
2026-05-25 18:07:18.145,996bc14f-d8da90e8-52865b30-26b0fd1b-f4d2a9c3,0.847066,0.311795,FFE4C4,Pleural effusion
2026-05-25 18:07:18.159,996bc14f-d8da90e8-52865b30-26b0fd1b-f4d2a9c3,0.847277,0.314001,FFE4C4,Pleural effusion
2026-05-25 18:07:18.173,996bc14f-d8da90e8-52865b30-26b0fd1b-f4d2a9c3,0.845546,0.319292,FFE4C4,Pleural effusion
2026-05-25 18:07:18.187,996bc14f-d8da90e8-52865b30-26b0fd1b-f4d2a9c3,0.843971,0.327020,FFE4C4,Pleural effusion
2026-05-25 18:07:18.201,996bc14f-d8da90e8-52865b30-26b0fd1b-f4d2a9c3,0.842134,0.332539,FFE4C4,Pleural effusion
2026-05-25 18:07:18.215,996bc14f-d8da90e8-52865b30-26b0fd1b-f4d2a9c3,0.840340,0.335176,FFE4C4,Pleural effusion
2026-05-25 18:07:18.229,996bc14f-d8da90e8-52865b30-26b0fd1b-f4d2a9c3,0.840589,0.342897,FFE4C4,Pleural effusion
2026-05-25 18:07:18.243,996bc14f-d8da90e8-52865b30-26b0fd1b-f4d2a9c3,0.836179,0.343454,FFE4C4,Pleural effusion
2026-05-25 18:07:18.257,996bc14f-d8da90e8-52865b30-26b0fd1b-f4d2a9c3,0.834230,0.348738,FFE4C4,Pleural effusion
2026-05-25 18:07:18.270,996bc14f-d8da90e8-52865b30-26b0fd1b-f4d2a9c3,0.834343,0.350982,FFE4C4,Pleural effusion
2026-05-25 18:07:18.284,996bc14f-d8da90e8-52865b30-26b0fd1b-f4d2a9c3,0.832545,0.355786,FFE4C4,Pleural effusion
2026-05-25 18:07:18.298,996bc14f-d8da90e8-52865b30-26b0fd1b-f4d2a9c3,0.830758,0.357920,FFE4C4,Pleural effusion
2026-05-25 18:07:18.312,996bc14f-d8da90e8-52865b30-26b0fd1b-f4d2a9c3,0.828898,0.360097,FFE4C4,Pleural effusion
2026-05-25 18:07:18.327,996bc14f-d8da90e8-52865b30-26b0fd1b-f4d2a9c3,0.828858,0.362809,FFE4C4,Pleural effusion
2026-05-25 18:07:18.338,996bc14f-d8da90e8-52865b30-26b0fd1b-f4d2a9c3,0.828899,0.362857,FFE4C4,Pleural effusion
2026-05-25 18:07:18.353,996bc14f-d8da90e8-52865b30-26b0fd1b-f4d2a9c3,0.826739,0.363108,FFE4C4,Pleural effusion
2026-05-25 18:07:18.368,996bc14f-d8da90e8-52865b30-26b0fd1b-f4d2a9c3,0.826989,0.365728,FFE4C4,Pleural effusion
2026-05-25 18:07:18.380,996bc14f-d8da90e8-52865b30-26b0fd1b-f4d2a9c3,0.826938,0.365800,FFE4C4,Pleural effusion
2026-05-25 18:07:18.395,996bc14f-d8da90e8-52865b30-26b0fd1b-f4d2a9c3,0.827046,0.368325,FFE4C4,Pleural effusion
2026-05-25 18:07:18.408,996bc14f-d8da90e8-52865b30-26b0fd1b-f4d2a9c3,0.827088,0.368071,FFE4C4,Pleural effusion
2026-05-25 18:07:18.421,996bc14f-d8da90e8-52865b30-26b0fd1b-f4d2a9c3,0.827182,0.367947,FFE4C4,Pleural effusion
2026-05-25 18:07:18.436,996bc14f-d8da90e8-52865b30-26b0fd1b-f4d2a9c3,0.827170,0.367865,FFE4C4,Pleural effusion
2026-05-25 18:07:18.448,996bc14f-d8da90e8-52865b30-26b0fd1b-f4d2a9c3,0.827142,0.367978,FFE4C4,Pleural effusion
2026-05-25 18:07:18.463,996bc14f-d8da90e8-52865b30-26b0fd1b-f4d2a9c3,0.827195,0.367955,FFE4C4,Pleural effusion
2026-05-25 18:07:18.476,996bc14f-d8da90e8-52865b30-26b0fd1b-f4d2a9c3,0.826931,0.368394,FFE4C4,Pleural effusion
2026-05-25 18:07:18.490,996bc14f-d8da90e8-52865b30-26b0fd1b-f4d2a9c3,0.826782,0.368969,FFE4C4,Pleural effusion
2026-05-25 18:07:18.505,996bc14f-d8da90e8-52865b30-26b0fd1b-f4d2a9c3,0.826654,0.369203,FFE4C4,Pleural effusion
2026-05-25 18:07:18.518,996bc14f-d8da90e8-52865b30-26b0fd1b-f4d2a9c3,0.826682,0.369036,FFE4C4,Pleural effusion
2026-05-25 18:07:18.533,996bc14f-d8da90e8-52865b30-26b0fd1b-f4d2a9c3,0.826875,0.368751,FFE4C4,Pleural effusion
2026-05-25 18:07:18.546,996bc14f-d8da90e8-52865b30-26b0fd1b-f4d2a9c3,0.826895,0.368580,FFE4C4,Pleural effusion
2026-05-25 18:07:18.560,996bc14f-d8da90e8-52865b30-26b0fd1b-f4d2a9c3,0.827018,0.368455,FFE4C4,Pleural effusion
2026-05-25 18:07:18.575,996bc14f-d8da90e8-52865b30-26b0fd1b-f4d2a9c3,0.827216,0.368420,FFE4C4,Pleural effusion
2026-05-25 18:07:18.590,996bc14f-d8da90e8-52865b30-26b0fd1b-f4d2a9c3,0.827531,0.370891,FFE4C4,Pleural effusion
2026-05-25 18:07:18.605,996bc14f-d8da90e8-52865b30-26b0fd1b-f4d2a9c3,0.828014,0.373216,FFE4C4,Pleural effusion
2026-05-25 18:07:18.620,996bc14f-d8da90e8-52865b30-26b0fd1b-f4d2a9c3,0.828670,0.375394,FFE4C4,Pleural effusion
2026-05-25 18:07:18.635,996bc14f-d8da90e8-52865b30-26b0fd1b-f4d2a9c3,0.829519,0.382844,FFE4C4,Pleural effusion
2026-05-25 18:07:18.647,996bc14f-d8da90e8-52865b30-26b0fd1b-f4d2a9c3,0.829996,0.385037,FFE4C4,Pleural effusion
2026-05-25 18:07:18.660,996bc14f-d8da90e8-52865b30-26b0fd1b-f4d2a9c3,0.830563,0.389866,FFE4C4,Pleural effusion
2026-05-25 18:07:18.673,996bc14f-d8da90e8-52865b30-26b0fd1b-f4d2a9c3,0.830889,0.389711,FFE4C4,Pleural effusion
2026-05-25 18:07:18.686,996bc14f-d8da90e8-52865b30-26b0fd1b-f4d2a9c3,0.831088,0.389671,FFE4C4,Pleural effusion
2026-05-25 18:07:18.700,996bc14f-d8da90e8-52865b30-26b0fd1b-f4d2a9c3,0.831180,0.389744,FFE4C4,Pleural effusion
2026-05-25 18:07:18.714,996bc14f-d8da90e8-52865b30-26b0fd1b-f4d2a9c3,0.831241,0.389663,FFE4C4,Pleural effusion
2026-05-25 18:07:18.728,996bc14f-d8da90e8-52865b30-26b0fd1b-f4d2a9c3,0.831099,0.389704,FFE4C4,Pleural effusion
2026-05-25 18:07:18.743,996bc14f-d8da90e8-52865b30-26b0fd1b-f4d2a9c3,0.832403,0.379199,FFE4C4,Pleural effusion
2026-05-25 18:07:18.758,996bc14f-d8da90e8-52865b30-26b0fd1b-f4d2a9c3,0.834685,0.361452,FFE4C4,Pleural effusion
2026-05-25 18:07:18.771,996bc14f-d8da90e8-52865b30-26b0fd1b-f4d2a9c3,0.840297,0.333339,FFE4C4,Pleural effusion
2026-05-25 18:07:18.786,996bc14f-d8da90e8-52865b30-26b0fd1b-f4d2a9c3,0.842773,0.313001,FFE4C4,Pleural effusion
2026-05-25 18:07:18.799,996bc14f-d8da90e8-52865b30-26b0fd1b-f4d2a9c3,0.846822,0.290366,FFE4C4,Pleural effusion
2026-05-25 18:07:18.814,996bc14f-d8da90e8-52865b30-26b0fd1b-f4d2a9c3,0.851440,0.269916,FFE4C4,Pleural effusion
2026-05-25 18:07:18.828,996bc14f-d8da90e8-52865b30-26b0fd1b-f4d2a9c3,0.852770,0.262068,FFE4C4,Pleural effusion
2026-05-25 18:07:18.841,996bc14f-d8da90e8-52865b30-26b0fd1b-f4d2a9c3,0.856519,0.253750,FFE4C4,Pleural effusion
2026-05-25 18:07:18.854,996bc14f-d8da90e8-52865b30-26b0fd1b-f4d2a9c3,0.856441,0.253505,FFE4C4,Pleural effusion
2026-05-25 18:07:18.867,996bc14f-d8da90e8-52865b30-26b0fd1b-f4d2a9c3,0.856411,0.253660,FFE4C4,Pleural effusion
2026-05-25 18:07:18.881,996bc14f-d8da90e8-52865b30-26b0fd1b-f4d2a9c3,0.856422,0.253708,FFE4C4,Pleural effusion
2026-05-25 18:07:18.897,996bc14f-d8da90e8-52865b30-26b0fd1b-f4d2a9c3,0.857335,0.263680,FFE4C4,Pleural effusion
2026-05-25 18:07:18.911,996bc14f-d8da90e8-52865b30-26b0fd1b-f4d2a9c3,0.856821,0.281234,FFE4C4,Pleural effusion
2026-05-25 18:07:18.925,996bc14f-d8da90e8-52865b30-26b0fd1b-f4d2a9c3,0.857417,0.288581,FFE4C4,Pleural effusion
2026-05-25 18:07:18.939,996bc14f-d8da90e8-52865b30-26b0fd1b-f4d2a9c3,0.854450,0.301418,FFE4C4,Pleural effusion
2026-05-25 18:07:18.953,996bc14f-d8da90e8-52865b30-26b0fd1b-f4d2a9c3,0.849402,0.317132,FFE4C4,Pleural effusion
2026-05-25 18:07:18.967,996bc14f-d8da90e8-52865b30-26b0fd1b-f4d2a9c3,0.846270,0.330351,FFE4C4,Pleural effusion
2026-05-25 18:07:18.981,996bc14f-d8da90e8-52865b30-26b0fd1b-f4d2a9c3,0.845169,0.340592,FFE4C4,Pleural effusion
2026-05-25 18:07:18.995,996bc14f-d8da90e8-52865b30-26b0fd1b-f4d2a9c3,0.843433,0.345767,FFE4C4,Pleural effusion
2026-05-25 18:07:19.010,996bc14f-d8da90e8-52865b30-26b0fd1b-f4d2a9c3,0.841788,0.348017,FFE4C4,Pleural effusion
2026-05-25 18:07:19.021,996bc14f-d8da90e8-52865b30-26b0fd1b-f4d2a9c3,0.841987,0.347557,FFE4C4,Pleural effusion
2026-05-25 18:07:19.034,996bc14f-d8da90e8-52865b30-26b0fd1b-f4d2a9c3,0.842415,0.346962,FFE4C4,Pleural effusion
2026-05-25 18:07:19.048,996bc14f-d8da90e8-52865b30-26b0fd1b-f4d2a9c3,0.842669,0.346455,FFE4C4,Pleural effusion
2026-05-25 18:07:19.062,996bc14f-d8da90e8-52865b30-26b0fd1b-f4d2a9c3,0.842547,0.346778,FFE4C4,Pleural effusion
2026-05-25 18:07:19.076,996bc14f-d8da90e8-52865b30-26b0fd1b-f4d2a9c3,0.842605,0.347003,FFE4C4,Pleural effusion
2026-05-25 18:07:19.090,996bc14f-d8da90e8-52865b30-26b0fd1b-f4d2a9c3,0.843075,0.346161,FFE4C4,Pleural effusion
2026-05-25 18:07:19.104,996bc14f-d8da90e8-52865b30-26b0fd1b-f4d2a9c3,0.843185,0.346228,FFE4C4,Pleural effusion
2026-05-25 18:07:19.118,996bc14f-d8da90e8-52865b30-26b0fd1b-f4d2a9c3,0.843160,0.346371,FFE4C4,Pleural effusion
2026-05-25 18:07:19.132,996bc14f-d8da90e8-52865b30-26b0fd1b-f4d2a9c3,0.843161,0.346448,FFE4C4,Pleural effusion
2026-05-25 18:07:19.146,996bc14f-d8da90e8-52865b30-26b0fd1b-f4d2a9c3,0.843307,0.346267,FFE4C4,Pleural effusion
2026-05-25 18:07:19.160,996bc14f-d8da90e8-52865b30-26b0fd1b-f4d2a9c3,0.843514,0.345937,FFE4C4,Pleural effusion
2026-05-25 18:07:19.174,996bc14f-d8da90e8-52865b30-26b0fd1b-f4d2a9c3,0.843686,0.345613,FFE4C4,Pleural effusion
2026-05-25 18:07:19.189,996bc14f-d8da90e8-52865b30-26b0fd1b-f4d2a9c3,0.843978,0.350721,FFE4C4,Pleural effusion
2026-05-25 18:07:19.204,996bc14f-d8da90e8-52865b30-26b0fd1b-f4d2a9c3,0.841757,0.351391,FFE4C4,Pleural effusion
2026-05-25 18:07:19.217,996bc14f-d8da90e8-52865b30-26b0fd1b-f4d2a9c3,0.841780,0.354458,FFE4C4,Pleural effusion
2026-05-25 18:07:19.231,996bc14f-d8da90e8-52865b30-26b0fd1b-f4d2a9c3,0.839813,0.360170,FFE4C4,Pleural effusion
2026-05-25 18:07:19.244,996bc14f-d8da90e8-52865b30-26b0fd1b-f4d2a9c3,0.839684,0.360515,FFE4C4,Pleural effusion
2026-05-25 18:07:19.258,996bc14f-d8da90e8-52865b30-26b0fd1b-f4d2a9c3,0.837413,0.360680,FFE4C4,Pleural effusion
2026-05-25 18:07:19.272,996bc14f-d8da90e8-52865b30-26b0fd1b-f4d2a9c3,0.837272,0.360657,FFE4C4,Pleural effusion
2026-05-25 18:07:19.286,996bc14f-d8da90e8-52865b30-26b0fd1b-f4d2a9c3,0.836998,0.357727,FFE4C4,Pleural effusion
2026-05-25 18:07:19.302,996bc14f-d8da90e8-52865b30-26b0fd1b-f4d2a9c3,0.834410,0.352338,FFE4C4,Pleural effusion
2026-05-25 18:07:19.315,996bc14f-d8da90e8-52865b30-26b0fd1b-f4d2a9c3,0.833864,0.347001,FFE4C4,Pleural effusion
2026-05-25 18:07:19.329,996bc14f-d8da90e8-52865b30-26b0fd1b-f4d2a9c3,0.833210,0.339244,FFE4C4,Pleural effusion
2026-05-25 18:07:19.343,996bc14f-d8da90e8-52865b30-26b0fd1b-f4d2a9c3,0.832681,0.336765,FFE4C4,Pleural effusion
2026-05-25 18:07:19.357,996bc14f-d8da90e8-52865b30-26b0fd1b-f4d2a9c3,0.832118,0.334861,FFE4C4,Pleural effusion
2026-05-25 18:07:19.369,996bc14f-d8da90e8-52865b30-26b0fd1b-f4d2a9c3,0.831952,0.335092,FFE4C4,Pleural effusion
2026-05-25 18:07:19.382,996bc14f-d8da90e8-52865b30-26b0fd1b-f4d2a9c3,0.831655,0.335306,FFE4C4,Pleural effusion
2026-05-25 18:07:19.397,996bc14f-d8da90e8-52865b30-26b0fd1b-f4d2a9c3,0.831487,0.335765,FFE4C4,Pleural effusion
2026-05-25 18:07:19.412,996bc14f-d8da90e8-52865b30-26b0fd1b-f4d2a9c3,0.827361,0.336350,FFE4C4,Pleural effusion
2026-05-25 18:07:19.425,996bc14f-d8da90e8-52865b30-26b0fd1b-f4d2a9c3,0.827435,0.336569,FFE4C4,Pleural effusion
2026-05-25 18:07:19.440,996bc14f-d8da90e8-52865b30-26b0fd1b-f4d2a9c3,0.828068,0.341679,FFE4C4,Pleural effusion
2026-05-25 18:07:19.455,996bc14f-d8da90e8-52865b30-26b0fd1b-f4d2a9c3,0.828553,0.346766,FFE4C4,Pleural effusion
2026-05-25 18:07:19.468,996bc14f-d8da90e8-52865b30-26b0fd1b-f4d2a9c3,0.827547,0.356971,FFE4C4,Pleural effusion
2026-05-25 18:07:19.482,996bc14f-d8da90e8-52865b30-26b0fd1b-f4d2a9c3,0.825845,0.359806,FFE4C4,Pleural effusion
2026-05-25 18:07:19.497,996bc14f-d8da90e8-52865b30-26b0fd1b-f4d2a9c3,0.824239,0.362812,FFE4C4,Pleural effusion
2026-05-25 18:07:19.508,996bc14f-d8da90e8-52865b30-26b0fd1b-f4d2a9c3,0.824322,0.363301,FFE4C4,Pleural effusion
2026-05-25 18:07:19.521,996bc14f-d8da90e8-52865b30-26b0fd1b-f4d2a9c3,0.824147,0.363830,FFE4C4,Pleural effusion
2026-05-25 18:07:19.536,996bc14f-d8da90e8-52865b30-26b0fd1b-f4d2a9c3,0.824081,0.364153,FFE4C4,Pleural effusion
2026-05-25 18:07:19.549,996bc14f-d8da90e8-52865b30-26b0fd1b-f4d2a9c3,0.824085,0.364182,FFE4C4,Pleural effusion
2026-05-25 18:07:19.564,996bc14f-d8da90e8-52865b30-26b0fd1b-f4d2a9c3,0.823891,0.364567,FFE4C4,Pleural effusion
2026-05-25 18:07:19.579,996bc14f-d8da90e8-52865b30-26b0fd1b-f4d2a9c3,0.823600,0.362042,FFE4C4,Pleural effusion
2026-05-25 18:07:19.592,996bc14f-d8da90e8-52865b30-26b0fd1b-f4d2a9c3,0.823569,0.362160,FFE4C4,Pleural effusion
2026-05-25 18:07:19.605,996bc14f-d8da90e8-52865b30-26b0fd1b-f4d2a9c3,0.823285,0.362644,FFE4C4,Pleural effusion
2026-05-25 18:07:19.621,996bc14f-d8da90e8-52865b30-26b0fd1b-f4d2a9c3,0.822386,0.355899,FFE4C4,Pleural effusion
2026-05-25 18:07:19.635,996bc14f-d8da90e8-52865b30-26b0fd1b-f4d2a9c3,0.821747,0.354062,FFE4C4,Pleural effusion
2026-05-25 18:08:23.630,7e454389-504675d8-d5b53785-fb4807a3-500e9dc6,0.869863,0.165395,808000,Pulmonary edema
2026-05-25 18:08:23.652,7e454389-504675d8-d5b53785-fb4807a3-500e9dc6,0.861715,0.166093,808000,Pulmonary edema
2026-05-25 18:08:23.664,7e454389-504675d8-d5b53785-fb4807a3-500e9dc6,0.857463,0.166607,808000,Pulmonary edema
2026-05-25 18:08:23.677,7e454389-504675d8-d5b53785-fb4807a3-500e9dc6,0.837447,0.174889,808000,Pulmonary edema
2026-05-25 18:08:23.691,7e454389-504675d8-d5b53785-fb4807a3-500e9dc6,0.813537,0.183263,808000,Pulmonary edema
2026-05-25 18:08:23.705,7e454389-504675d8-d5b53785-fb4807a3-500e9dc6,0.789448,0.191190,808000,Pulmonary edema
2026-05-25 18:08:23.719,7e454389-504675d8-d5b53785-fb4807a3-500e9dc6,0.769199,0.192084,808000,Pulmonary edema
2026-05-25 18:08:23.734,7e454389-504675d8-d5b53785-fb4807a3-500e9dc6,0.756897,0.192403,808000,Pulmonary edema
2026-05-25 18:08:23.745,7e454389-504675d8-d5b53785-fb4807a3-500e9dc6,0.756716,0.192158,808000,Pulmonary edema
2026-05-25 18:08:23.760,7e454389-504675d8-d5b53785-fb4807a3-500e9dc6,0.708693,0.197308,808000,Pulmonary edema
2026-05-25 18:08:23.775,7e454389-504675d8-d5b53785-fb4807a3-500e9dc6,0.680429,0.198627,808000,Pulmonary edema
2026-05-25 18:08:23.789,7e454389-504675d8-d5b53785-fb4807a3-500e9dc6,0.656209,0.199736,808000,Pulmonary edema
2026-05-25 18:08:23.802,7e454389-504675d8-d5b53785-fb4807a3-500e9dc6,0.636054,0.200860,808000,Pulmonary edema
2026-05-25 18:08:23.817,7e454389-504675d8-d5b53785-fb4807a3-500e9dc6,0.619642,0.194717,808000,Pulmonary edema
2026-05-25 18:08:23.831,7e454389-504675d8-d5b53785-fb4807a3-500e9dc6,0.611066,0.184981,808000,Pulmonary edema
2026-05-25 18:08:23.845,7e454389-504675d8-d5b53785-fb4807a3-500e9dc6,0.602359,0.171752,808000,Pulmonary edema
2026-05-25 18:08:23.858,7e454389-504675d8-d5b53785-fb4807a3-500e9dc6,0.602479,0.167858,808000,Pulmonary edema
2026-05-25 18:08:23.872,7e454389-504675d8-d5b53785-fb4807a3-500e9dc6,0.601826,0.150699,808000,Pulmonary edema
2026-05-25 18:08:23.887,7e454389-504675d8-d5b53785-fb4807a3-500e9dc6,0.601426,0.137041,808000,Pulmonary edema
2026-05-25 18:08:23.900,7e454389-504675d8-d5b53785-fb4807a3-500e9dc6,0.600613,0.120171,808000,Pulmonary edema
2026-05-25 18:08:23.914,7e454389-504675d8-d5b53785-fb4807a3-500e9dc6,0.599523,0.096792,808000,Pulmonary edema
2026-05-25 18:08:23.928,7e454389-504675d8-d5b53785-fb4807a3-500e9dc6,0.599117,0.082984,808000,Pulmonary edema
2026-05-25 18:08:23.944,7e454389-504675d8-d5b53785-fb4807a3-500e9dc6,0.610837,0.072288,808000,Pulmonary edema
2026-05-25 18:08:23.956,7e454389-504675d8-d5b53785-fb4807a3-500e9dc6,0.614525,0.069423,808000,Pulmonary edema
2026-05-25 18:08:23.970,7e454389-504675d8-d5b53785-fb4807a3-500e9dc6,0.629520,0.052547,808000,Pulmonary edema
2026-05-25 18:08:23.984,7e454389-504675d8-d5b53785-fb4807a3-500e9dc6,0.649226,0.044212,808000,Pulmonary edema
2026-05-25 18:08:23.998,7e454389-504675d8-d5b53785-fb4807a3-500e9dc6,0.668872,0.032575,808000,Pulmonary edema
2026-05-25 18:08:24.013,7e454389-504675d8-d5b53785-fb4807a3-500e9dc6,0.688652,0.023968,808000,Pulmonary edema
2026-05-25 18:08:24.026,7e454389-504675d8-d5b53785-fb4807a3-500e9dc6,0.700771,0.022711,808000,Pulmonary edema
2026-05-25 18:08:24.041,7e454389-504675d8-d5b53785-fb4807a3-500e9dc6,0.712730,0.021684,808000,Pulmonary edema
2026-05-25 18:08:24.053,7e454389-504675d8-d5b53785-fb4807a3-500e9dc6,0.720906,0.021157,808000,Pulmonary edema
2026-05-25 18:08:24.068,7e454389-504675d8-d5b53785-fb4807a3-500e9dc6,0.729208,0.024340,808000,Pulmonary edema
2026-05-25 18:08:24.081,7e454389-504675d8-d5b53785-fb4807a3-500e9dc6,0.741811,0.027389,808000,Pulmonary edema
2026-05-25 18:08:24.095,7e454389-504675d8-d5b53785-fb4807a3-500e9dc6,0.758350,0.033511,808000,Pulmonary edema
2026-05-25 18:08:24.110,7e454389-504675d8-d5b53785-fb4807a3-500e9dc6,0.770804,0.039826,808000,Pulmonary edema
2026-05-25 18:08:24.123,7e454389-504675d8-d5b53785-fb4807a3-500e9dc6,0.782794,0.042612,808000,Pulmonary edema
2026-05-25 18:08:24.138,7e454389-504675d8-d5b53785-fb4807a3-500e9dc6,0.799141,0.048706,808000,Pulmonary edema
2026-05-25 18:08:24.151,7e454389-504675d8-d5b53785-fb4807a3-500e9dc6,0.807183,0.048445,808000,Pulmonary edema
2026-05-25 18:08:24.165,7e454389-504675d8-d5b53785-fb4807a3-500e9dc6,0.827605,0.058295,808000,Pulmonary edema
2026-05-25 18:08:24.178,7e454389-504675d8-d5b53785-fb4807a3-500e9dc6,0.835749,0.065405,808000,Pulmonary edema
2026-05-25 18:08:24.193,7e454389-504675d8-d5b53785-fb4807a3-500e9dc6,0.847974,0.072544,808000,Pulmonary edema
2026-05-25 18:08:24.206,7e454389-504675d8-d5b53785-fb4807a3-500e9dc6,0.860349,0.082264,808000,Pulmonary edema
2026-05-25 18:08:24.220,7e454389-504675d8-d5b53785-fb4807a3-500e9dc6,0.868365,0.085059,808000,Pulmonary edema
2026-05-25 18:08:24.235,7e454389-504675d8-d5b53785-fb4807a3-500e9dc6,0.868684,0.091794,808000,Pulmonary edema
2026-05-25 18:08:24.248,7e454389-504675d8-d5b53785-fb4807a3-500e9dc6,0.868628,0.094955,808000,Pulmonary edema
2026-05-25 18:08:24.262,7e454389-504675d8-d5b53785-fb4807a3-500e9dc6,0.877227,0.104650,808000,Pulmonary edema
2026-05-25 18:08:24.276,7e454389-504675d8-d5b53785-fb4807a3-500e9dc6,0.881596,0.114572,808000,Pulmonary edema
2026-05-25 18:08:24.290,7e454389-504675d8-d5b53785-fb4807a3-500e9dc6,0.882040,0.120982,808000,Pulmonary edema
2026-05-25 18:08:24.305,7e454389-504675d8-d5b53785-fb4807a3-500e9dc6,0.886134,0.127519,808000,Pulmonary edema
2026-05-25 18:08:24.318,7e454389-504675d8-d5b53785-fb4807a3-500e9dc6,0.886551,0.133986,808000,Pulmonary edema
2026-05-25 18:08:24.332,7e454389-504675d8-d5b53785-fb4807a3-500e9dc6,0.886643,0.136958,808000,Pulmonary edema
2026-05-25 18:08:24.346,7e454389-504675d8-d5b53785-fb4807a3-500e9dc6,0.886693,0.140078,808000,Pulmonary edema
2026-05-25 18:08:24.359,7e454389-504675d8-d5b53785-fb4807a3-500e9dc6,0.887015,0.143375,808000,Pulmonary edema
2026-05-25 18:08:24.373,7e454389-504675d8-d5b53785-fb4807a3-500e9dc6,0.887468,0.149960,808000,Pulmonary edema
2026-05-25 18:08:24.388,7e454389-504675d8-d5b53785-fb4807a3-500e9dc6,0.888024,0.153059,808000,Pulmonary edema
2026-05-25 18:08:24.401,7e454389-504675d8-d5b53785-fb4807a3-500e9dc6,0.888460,0.156134,808000,Pulmonary edema
2026-05-25 18:08:24.414,7e454389-504675d8-d5b53785-fb4807a3-500e9dc6,0.889033,0.155955,808000,Pulmonary edema
2026-05-25 18:08:24.428,7e454389-504675d8-d5b53785-fb4807a3-500e9dc6,0.885475,0.159301,808000,Pulmonary edema
2026-05-25 18:08:24.444,7e454389-504675d8-d5b53785-fb4807a3-500e9dc6,0.881888,0.163031,808000,Pulmonary edema
2026-05-25 18:08:24.456,7e454389-504675d8-d5b53785-fb4807a3-500e9dc6,0.881992,0.163068,808000,Pulmonary edema
2026-05-25 18:08:24.471,7e454389-504675d8-d5b53785-fb4807a3-500e9dc6,0.878230,0.166757,808000,Pulmonary edema
2026-05-25 18:08:24.485,7e454389-504675d8-d5b53785-fb4807a3-500e9dc6,0.874218,0.166539,808000,Pulmonary edema
2026-05-25 18:08:46.602,6662f562-874d668a-17c5ece4-426fc021-d889ed61,0.896137,0.227386,FF00FF,Wide mediastinum & Abnormal mediastinal contour
2026-05-25 18:08:46.619,6662f562-874d668a-17c5ece4-426fc021-d889ed61,0.874971,0.228641,FF00FF,Wide mediastinum & Abnormal mediastinal contour
2026-05-25 18:08:46.633,6662f562-874d668a-17c5ece4-426fc021-d889ed61,0.857466,0.233982,FF00FF,Wide mediastinum & Abnormal mediastinal contour
2026-05-25 18:08:46.646,6662f562-874d668a-17c5ece4-426fc021-d889ed61,0.832865,0.239942,FF00FF,Wide mediastinum & Abnormal mediastinal contour
2026-05-25 18:08:46.659,6662f562-874d668a-17c5ece4-426fc021-d889ed61,0.815158,0.241043,FF00FF,Wide mediastinum & Abnormal mediastinal contour
2026-05-25 18:08:46.675,6662f562-874d668a-17c5ece4-426fc021-d889ed61,0.793737,0.242577,FF00FF,Wide mediastinum & Abnormal mediastinal contour
2026-05-25 18:08:46.686,6662f562-874d668a-17c5ece4-426fc021-d889ed61,0.783437,0.247287,FF00FF,Wide mediastinum & Abnormal mediastinal contour
2026-05-25 18:08:46.703,6662f562-874d668a-17c5ece4-426fc021-d889ed61,0.758686,0.253659,FF00FF,Wide mediastinum & Abnormal mediastinal contour
2026-05-25 18:08:46.716,6662f562-874d668a-17c5ece4-426fc021-d889ed61,0.737177,0.255842,FF00FF,Wide mediastinum & Abnormal mediastinal contour
2026-05-25 18:08:46.729,6662f562-874d668a-17c5ece4-426fc021-d889ed61,0.712375,0.258249,FF00FF,Wide mediastinum & Abnormal mediastinal contour
2026-05-25 18:08:46.743,6662f562-874d668a-17c5ece4-426fc021-d889ed61,0.705256,0.259280,FF00FF,Wide mediastinum & Abnormal mediastinal contour
2026-05-25 18:08:46.758,6662f562-874d668a-17c5ece4-426fc021-d889ed61,0.694512,0.261038,FF00FF,Wide mediastinum & Abnormal mediastinal contour
2026-05-25 18:08:46.772,6662f562-874d668a-17c5ece4-426fc021-d889ed61,0.682933,0.253579,FF00FF,Wide mediastinum & Abnormal mediastinal contour
2026-05-25 18:08:46.786,6662f562-874d668a-17c5ece4-426fc021-d889ed61,0.682661,0.249065,FF00FF,Wide mediastinum & Abnormal mediastinal contour
2026-05-25 18:08:46.800,6662f562-874d668a-17c5ece4-426fc021-d889ed61,0.674853,0.241705,FF00FF,Wide mediastinum & Abnormal mediastinal contour
2026-05-25 18:08:46.814,6662f562-874d668a-17c5ece4-426fc021-d889ed61,0.670428,0.230060,FF00FF,Wide mediastinum & Abnormal mediastinal contour
2026-05-25 18:08:46.826,6662f562-874d668a-17c5ece4-426fc021-d889ed61,0.669150,0.213195,FF00FF,Wide mediastinum & Abnormal mediastinal contour
2026-05-25 18:08:46.841,6662f562-874d668a-17c5ece4-426fc021-d889ed61,0.664182,0.195870,FF00FF,Wide mediastinum & Abnormal mediastinal contour
2026-05-25 18:08:46.854,6662f562-874d668a-17c5ece4-426fc021-d889ed61,0.662875,0.177960,FF00FF,Wide mediastinum & Abnormal mediastinal contour
2026-05-25 18:08:46.870,6662f562-874d668a-17c5ece4-426fc021-d889ed61,0.661004,0.151362,FF00FF,Wide mediastinum & Abnormal mediastinal contour
2026-05-25 18:08:46.882,6662f562-874d668a-17c5ece4-426fc021-d889ed61,0.660655,0.146986,FF00FF,Wide mediastinum & Abnormal mediastinal contour
2026-05-25 18:08:46.897,6662f562-874d668a-17c5ece4-426fc021-d889ed61,0.659598,0.133647,FF00FF,Wide mediastinum & Abnormal mediastinal contour
2026-05-25 18:08:46.910,6662f562-874d668a-17c5ece4-426fc021-d889ed61,0.658618,0.120564,FF00FF,Wide mediastinum & Abnormal mediastinal contour
2026-05-25 18:08:46.924,6662f562-874d668a-17c5ece4-426fc021-d889ed61,0.657836,0.111968,FF00FF,Wide mediastinum & Abnormal mediastinal contour
2026-05-25 18:08:46.938,6662f562-874d668a-17c5ece4-426fc021-d889ed61,0.667867,0.102290,FF00FF,Wide mediastinum & Abnormal mediastinal contour
2026-05-25 18:08:46.952,6662f562-874d668a-17c5ece4-426fc021-d889ed61,0.674226,0.093256,FF00FF,Wide mediastinum & Abnormal mediastinal contour
2026-05-25 18:08:46.967,6662f562-874d668a-17c5ece4-426fc021-d889ed61,0.691552,0.087065,FF00FF,Wide mediastinum & Abnormal mediastinal contour
2026-05-25 18:08:46.980,6662f562-874d668a-17c5ece4-426fc021-d889ed61,0.702140,0.085682,FF00FF,Wide mediastinum & Abnormal mediastinal contour
2026-05-25 18:08:46.995,6662f562-874d668a-17c5ece4-426fc021-d889ed61,0.719818,0.083718,FF00FF,Wide mediastinum & Abnormal mediastinal contour
2026-05-25 18:08:47.007,6662f562-874d668a-17c5ece4-426fc021-d889ed61,0.741154,0.081503,FF00FF,Wide mediastinum & Abnormal mediastinal contour
2026-05-25 18:08:47.022,6662f562-874d668a-17c5ece4-426fc021-d889ed61,0.751585,0.080396,FF00FF,Wide mediastinum & Abnormal mediastinal contour
2026-05-25 18:08:47.036,6662f562-874d668a-17c5ece4-426fc021-d889ed61,0.776508,0.078362,FF00FF,Wide mediastinum & Abnormal mediastinal contour
2026-05-25 18:08:47.050,6662f562-874d668a-17c5ece4-426fc021-d889ed61,0.797804,0.077348,FF00FF,Wide mediastinum & Abnormal mediastinal contour
2026-05-25 18:08:47.065,6662f562-874d668a-17c5ece4-426fc021-d889ed61,0.815308,0.076668,FF00FF,Wide mediastinum & Abnormal mediastinal contour
2026-05-25 18:08:47.078,6662f562-874d668a-17c5ece4-426fc021-d889ed61,0.822103,0.076353,FF00FF,Wide mediastinum & Abnormal mediastinal contour
2026-05-25 18:08:47.092,6662f562-874d668a-17c5ece4-426fc021-d889ed61,0.829708,0.084665,FF00FF,Wide mediastinum & Abnormal mediastinal contour
2026-05-25 18:08:47.106,6662f562-874d668a-17c5ece4-426fc021-d889ed61,0.833808,0.093095,FF00FF,Wide mediastinum & Abnormal mediastinal contour
2026-05-25 18:08:47.118,6662f562-874d668a-17c5ece4-426fc021-d889ed61,0.841238,0.101424,FF00FF,Wide mediastinum & Abnormal mediastinal contour
2026-05-25 18:08:47.134,6662f562-874d668a-17c5ece4-426fc021-d889ed61,0.856760,0.117386,FF00FF,Wide mediastinum & Abnormal mediastinal contour
2026-05-25 18:08:47.147,6662f562-874d668a-17c5ece4-426fc021-d889ed61,0.857343,0.125642,FF00FF,Wide mediastinum & Abnormal mediastinal contour
2026-05-25 18:08:47.161,6662f562-874d668a-17c5ece4-426fc021-d889ed61,0.861343,0.129019,FF00FF,Wide mediastinum & Abnormal mediastinal contour
2026-05-25 18:08:47.175,6662f562-874d668a-17c5ece4-426fc021-d889ed61,0.869037,0.136676,FF00FF,Wide mediastinum & Abnormal mediastinal contour
2026-05-25 18:08:47.190,6662f562-874d668a-17c5ece4-426fc021-d889ed61,0.880590,0.148355,FF00FF,Wide mediastinum & Abnormal mediastinal contour
2026-05-25 18:08:47.203,6662f562-874d668a-17c5ece4-426fc021-d889ed61,0.883931,0.147991,FF00FF,Wide mediastinum & Abnormal mediastinal contour
2026-05-25 18:08:47.217,6662f562-874d668a-17c5ece4-426fc021-d889ed61,0.884263,0.156439,FF00FF,Wide mediastinum & Abnormal mediastinal contour
2026-05-25 18:08:47.231,6662f562-874d668a-17c5ece4-426fc021-d889ed61,0.888438,0.164452,FF00FF,Wide mediastinum & Abnormal mediastinal contour
2026-05-25 18:08:47.246,6662f562-874d668a-17c5ece4-426fc021-d889ed61,0.892226,0.168135,FF00FF,Wide mediastinum & Abnormal mediastinal contour
2026-05-25 18:08:47.258,6662f562-874d668a-17c5ece4-426fc021-d889ed61,0.892165,0.167994,FF00FF,Wide mediastinum & Abnormal mediastinal contour
2026-05-25 18:08:47.271,6662f562-874d668a-17c5ece4-426fc021-d889ed61,0.892551,0.176673,FF00FF,Wide mediastinum & Abnormal mediastinal contour
2026-05-25 18:08:47.286,6662f562-874d668a-17c5ece4-426fc021-d889ed61,0.892392,0.176809,FF00FF,Wide mediastinum & Abnormal mediastinal contour
2026-05-25 18:08:47.300,6662f562-874d668a-17c5ece4-426fc021-d889ed61,0.893007,0.185484,FF00FF,Wide mediastinum & Abnormal mediastinal contour
2026-05-25 18:08:47.314,6662f562-874d668a-17c5ece4-426fc021-d889ed61,0.893377,0.194551,FF00FF,Wide mediastinum & Abnormal mediastinal contour
2026-05-25 18:08:47.328,6662f562-874d668a-17c5ece4-426fc021-d889ed61,0.893853,0.203460,FF00FF,Wide mediastinum & Abnormal mediastinal contour
2026-05-25 18:08:47.342,6662f562-874d668a-17c5ece4-426fc021-d889ed61,0.894456,0.216786,FF00FF,Wide mediastinum & Abnormal mediastinal contour
2026-05-25 18:08:47.354,6662f562-874d668a-17c5ece4-426fc021-d889ed61,0.894361,0.217256,FF00FF,Wide mediastinum & Abnormal mediastinal contour
2026-05-25 18:08:47.370,6662f562-874d668a-17c5ece4-426fc021-d889ed61,0.895194,0.230717,FF00FF,Wide mediastinum & Abnormal mediastinal contour
2026-05-25 18:08:47.385,6662f562-874d668a-17c5ece4-426fc021-d889ed61,0.895364,0.236080,FF00FF,Wide mediastinum & Abnormal mediastinal contour
2026-05-25 18:08:47.397,6662f562-874d668a-17c5ece4-426fc021-d889ed61,0.895583,0.240893,FF00FF,Wide mediastinum & Abnormal mediastinal contour
2026-05-25 18:08:47.410,6662f562-874d668a-17c5ece4-426fc021-d889ed61,0.895337,0.241956,FF00FF,Wide mediastinum & Abnormal mediastinal contour
